Species,Plant type,ACT,NSW,NT,QLD,SA,VIC,WA,Number of growers,Number of States,Origin,Count,Synonym
Abelia grandiflora,Shrub,7,16,1,10,2,17,5,58,7,Exotic,,
Abelia grandiflora Dwarf,Shrub,,12,1,13,,19,,45,4,Exotic,,
Abelia grandiflora Nana,Shrub,2,17,,2,2,21,1,45,6,Exotic,,
Acacia boormanii,Shrub,9,9,,,,17,,35,3,Native,,
Acacia cognata,Shrub,4,3,,2,,32,,41,4,Native,,
Acacia cognata Dazzler,Shrub,,4,,,,27,,31,2,Native,,
Acacia cognata Lime Magik,Shrub,,4,,,,30,,34,2,Native,,
Acacia cognata Limelight,Shrub,,16,,1,,22,5,44,4,Native,,
Acacia cognata Mini Cog,Shrub,,5,,2,,15,3,25,4,Native,,
Acacia dealbata,Shrub,8,7,,,,14,,29,3,Native,,
Acacia fimbriata,Shrub,2,21,,42,,7,,72,4,Native,,
Acacia floribunda,Shrub,9,22,,9,,23,,63,4,Native ,,
Acacia implexa,Shrub,3,11,,2,,82,,98,4,Native ,,
Acacia iteaphylla,Shrub,3,3,,,,30,2,38,4,Native ,,
Acacia longifolia,Shrub,3,18,,2,,4,,27,4,Native,,
Acacia melanoxylon,Shrub,2,14,,21,2,87,1,127,6,Native,,
Acacia pendula,Shrub,3,1,,2,,23,,29,4,Native,,
Acacia podalyriifolia,Shrub,,10,,17,,6,2,35,4,Native,,
Acacia pycnantha,Shrub,2,4,,,1,34,,41,4,Native,,
Acalypha wilkesiana Firestorm,Shrub,,2,,32,1,,,35,3,Exotic,,
Acalypha wilkesiana Inferno,Shrub,,,,33,,,1,34,2,Exotic,,
Acanthus mollis,Herb,1,33,,3,1,16,2,56,6,Exotic,,
Acer buergerianum,Tree,7,24,,5,2,57,,95,5,Exotic,,
Acer japonicum Vitifolium,Tree,2,12,,,,31,,45,3,Exotic,,
Acer negundo Sensation,Tree,,15,,1,6,32,,54,4,Exotic,,
Acer palmatum,Tree,3,114,,5,5,124,5,256,6,Exotic,,
Acer palmatum Atropupreum,Tree,3,40,,1,,67,1,112,5,Exotic,,
Acer palmatum Bloodgood,Tree,1,19,,,,32,,52,3,Exotic,,
Acer palmatum Dissectum Atropurpureum,Tree,,12,,,,59,,71,2,Exotic,,
Acer palmatum Dissectum Emerald Lace,Tree,,3,,,,30,,33,2,Exotic,,
Acer palmatum Dissectum Ever Red,Tree,,8,,,,26,,34,2,Exotic,,
Acer palmatum Dissectum Germaines Gyration,Tree,,6,,,,26,,32,2,Exotic,,
Acer palmatum Dissectum Inabe Shidare,Tree,1,35,,1,,63,,100,4,Exotic,,
Acer palmatum Dissectum Orangeola,Tree,,6,,,,26,,32,2,Exotic,,
Acer palmatum Dissectum Seiryu,Tree,,19,,,,46,,65,2,Exotic,,
Acer palmatum Dissectum Viridis,Tree,1,11,,,,51,,63,3,Exotic,,
Acer palmatum Elegans,Tree,,4,,,,21,,25,2,Exotic,,
Acer palmatum Osakazuki,Tree,,22,,2,,40,,64,3,Exotic,,
Acer palmatum Sango Kaku,Tree,6,19,,2,,29,1,57,5,Exotic,,
Acer palmatum Seiryu,Tree,,12,,,,20,,32,2,Exotic,,
Acer palmatum Senkaki,Tree,,39,,,,72,,111,2,Exotic,,
Acer palmatum Shaina,Tree,,8,,,,25,,33,2,Exotic,,
Acer platanoides Crimson King,Tree,1,7,,,,22,,30,3,Exotic,,
Acer platanoides Crimson Sentry,Tree,6,28,,,,67,2,103,4,Exotic,,
Acer platanoides Globosum,Tree,1,9,,1,3,16,,30,5,Exotic,,
Acer rubrum,Tree,,7,,3,,15,,25,3,Exotic,,
Acer rubrum Autumn Red,Tree,,7,,,,47,,54,2,Exotic,,
Acer rubrum Fairview Flame,Tree,2,12,,1,,30,,45,4,Exotic,,
Acer rubrum October Glory,Tree,3,53,,6,4,63,1,130,6,Exotic,,
Acer spp. Pacific Sunset,Tree,,3,,,3,20,,26,3,Exotic,,
Acer x freemanii Jeffersred Autumn blaze,Tree,5,50,,2,,107,1,165,5,Exotic,,
Acorus gramineus Variegated,Grass,,10,,9,,5,1,25,4,Exotic,,
Acronychia imperforata,Tree,,6,,75,,,,81,2,Native,,
Adenanthos cunninghamii,Shrub,,5,,1,,14,8,28,4,Native,,
Adenanthos sericeus,Shrub,,11,,5,,27,16,59,4,Native,,
Adenanthos sericeus Silver Streak,Shrub,,6,,4,,25,1,36,4,Native,,
Adenium obesum,Herb,,14,8,30,,1,2,55,5,Exotic,,
Adiantum aethiopicum,Fern,1,10,1,10,,7,,29,5,Native,,
Aechmea blanchetiana,Herb,,3,1,24,,4,,32,4,Exotic,,
Aesculus hippocastanum,Tree,3,7,,,,19,,29,3,Exotic,,
Agapanthus orientalis Blue,Herb,1,28,,51,1,13,2,96,6,Exotic,,
Agapanthus orientalis Peter Pan,Herb,,10,,18,,25,4,57,4,Exotic,,
Agapanthus orientalis Queen Mum,Herb,1,7,,13,,9,4,34,5,Exotic,,
Agapanthus orientalis White,Herb,1,29,,48,1,9,3,91,6,Exotic,,
Agapanthus spp. Baby Blue,Herb,1,15,,4,,16,3,39,5,Exotic,,
Agapanthus spp. Black Magic,Herb,,6,,22,,4,3,35,4,Exotic,,
Agapanthus spp. Blue,Herb,,26,,51,,,4,81,3,Exotic,,
Agapanthus spp. Dwarf White,Herb,,6,,6,,25,1,38,4,Exotic,,
Agapanthus spp. Purple Cloud,Herb,1,16,,23,,17,4,61,5,Exotic,,
Agapanthus spp. Snowball,Herb,,25,,38,2,28,9,102,5,Exotic,,
Agapanthus spp. White,Herb,,17,,25,,,3,45,3,Exotic,,
Agapanthus spp. White,Herb,,10,,23,,,,33,2,Exotic,,
Agathis robusta,Tree,,32,,136,,21,,189,3,Native,,
Agave americana,Herb,,10,2,,13,2,2,29,5,Exotic,,
Agave attenuata,Herb,,91,2,,105,63,11,272,5,Exotic,,
Agave desmettiana El Morindas Gold,Herb,,12,,,6,15,,33,3,Exotic,,
Agave desmetiana Jacobi,Herb,,,,,,,,,3,Exotic,,
Agave geminiflora,Herb,,9,5,,11,21,,46,4,Exotic,,
Agonis flexuosa,Shrub,,9,,,,58,24,91,3,Native,,
Agonis flexuosa After Dark,Shrub,,3,,,,43,7,53,3,Native,,
Agonis flexuosa Burgundy,Shrub,,1,,,,72,7,80,3,Native,,
Agonis flexuosa Nana,Shrub,,4,,,1,14,14,33,4,Native,,
Ajuga reptans,Herb,1,19,1,10,,15,1,47,6,Exotic,,
Ajuga reptans Catlins Giant,Herb,1,23,,8,1,26,3,62,6,Exotic,,
Ajuga reptans Purpurea,Herb,,14,,5,,15,2,36,4,Exotic,,
Albizia julibrissin,Shrub,2,24,,1,,15,,42,4,Exotic,,
Alectryon coriaceus,Tree,,8,,27,,,,35,2,Native,,
Allocasuarina littoralis,Tree,5,36,,54,,90,,185,4,Native,,
Allocasuarina torulosa,Tree,,18,,26,,44,,88,3,Native,,
Allocasuarina verticillata,Tree,,5,,,2,75,,82,3,Native,,
Alloxylon flammeum,Tree,,12,,31,,,,43,2,Native,,
Alocasia brisbanensis,Herb,,8,,44,,,,52,2,Native,,
Alocasia macrorrhiza,Herb,,8,6,17,,6,1,38,5,Native,,
Aloe barberae,Tree,,4,3,28,,22,4,61,5,Exotic,,
Aloe vera ,Herb,,11,3,,16,25,4,59,5,Exotic,,
Alphitonia excelsa,Tree,,5,4,44,,1,,54,4,Native ,,
Alpinia caerulea,Herb,,21,1,52,,,,74,3,Native,,
Alpinia caerulea Red Back,Herb,,17,1,26,,2,2,48,5,Native,,
Alpinia caerulea Red Form,Herb,,5,,38,,,1,44,3,Native,,
Alpinia mutica,Herb,,,,40,,,,40,1,Exotic,,
Alpinia zerumbet,Herb,,11,1,23,,4,,39,4,Exotic,,
Alpinia zerumbet Variegated,Herb,,22,1,82,,12,2,119,5,Exotic,,
Alternanthera dentata,Shrub,,29,,24,,1,3,57,4,Exotic,,
Alternanthera dentata Little Ruby,Shrub,,28,2,33,,9,6,78,5,Exotic,,
Alyogyne huegelii West Coast Gem,Shrub,,5,,2,,22,9,38,4,Native,,
Angophora costata,Tree,,63,,9,4,109,4,189,5,Native,,
Angophora floribunda,Tree,,28,,3,,14,,45,3,Native,,
Angophora hispida,Tree,,6,,,2,24,,32,3,Native,,
Anigozanthos spp. Big Red,Herb,,16,,12,,18,9,55,4,Native,,
Anigozanthos spp. Bush Ballad ,Herb,2,8,,4,,11,2,27,5,Native,,
Anigozanthos spp. Bush Bonanza ,Herb,2,11,,9,,14,3,39,5,Native,,
Anigozanthos spp. Bush Dance ,Herb,,8,,6,,15,3,32,4,Native,,
Anigozanthos spp. Bush Diamond ,Herb,,13,,10,,16,3,42,4,Native,,
Anigozanthos spp. Bush Elegance ,Herb,1,8,,4,,17,3,33,5,Native,,
Anigozanthos spp. Bush Endeavour ,Herb,1,9,1,6,,9,3,29,6,Native,,
Anigozanthos spp. Bush Fury ,Herb,,9,1,4,,8,6,28,5,Native,,
Anigozanthos spp. Bush Gold,Herb,,11,,8,,11,4,34,4,Native,,
Anigozanthos spp. Bush Inferno ,Herb,1,8,,3,,13,4,29,5,Native,,
Anigozanthos spp. Bush Pearl ,Herb,2,14,,11,,15,7,49,5,Native,,
Anigozanthos spp. Bush Pizzazz ,Herb,,6,,7,,16,3,32,4,Native,,
Anigozanthos spp. Bush Revolution ,Herb,1,12,1,3,,7,3,27,6,Native,,
Anigozanthos spp. Bush Tango,Herb,,3,,5,,16,1,25,4,Native,,
Anigozanthos spp. Ruby Velvet ,Herb,,6,,1,,18,2,27,4,Native,,
Anigozanthos spp. Yellow Gem,Herb,,12,,14,,15,12,53,4,Native,,
Anigozanthus flavidus Green Form,Herb,,5,,4,,13,4,26,4,Native,,
Anigozanthus flavidus Red,Herb,,7,,1,,12,8,28,4,Native,,
Anigozanthus spp. Bush Ranger,Herb,,9,,9,,13,7,38,4,Native,,
Aptenia cordifolia,Herb,,10,,8,1,6,1,26,5,Exotic,,
Araucaria bidwillii,Tree,,26,2,29,,22,,79,4,Native,,
Araucaria cunninghamii,Tree,,48,,103,,13,,164,3,Native,,
Araucaria heterophylla,Tree,,60,5,59,3,34,4,165,6,Native,,
Araucaria heterophylla Hawaiian,Tree,,8,,33,,,,41,2,Native,,
Arbutus unedo,Tree,,12,,,3,28,1,44,4,Exotic,,
Archontophoenix alexandrae,Palm,,53,5,192,,17,14,281,5,Native,,
Archontophoenix cunninghamiana,Palm,,113,4,167,,53,14,351,5,Native,,
Arenaria montana,Herb,,12,,1,,14,2,29,4,Exotic,,
Arthropodium cirratum,Herb,,17,,6,,26,2,51,4,Exotic,,
Arthropodium cirratum Matapouri Bay,Herb,,18,,3,,35,4,60,4,Exotic,,
Aspidistra elatior,Herb,,21,4,25,,10,2,62,5,Exotic,,
Asplenium australasicum,Fern,1,59,1,41,,21,5,128,6,Native,,
Asplenium bulbiferum,Fern,,13,,1,,10,2,26,4,Native,,
Asplenium nidus,Fern,,17,,50,,25,3,95,4,Native,,
Austromyrtus dulcis,Shrub,,19,1,58,,4,1,83,5,Native,,
Austromyrtus inophloia Blushing Beauty,Shrub,,5,,21,,4,2,32,4,Native,,
Austromyrtus spp. Copper Tops,Shrub,,11,,41,,3,1,56,4,Native,,
Azalea indica,Shrub,1,22,2,13,,27,,65,5,Exotic,,
Azalea indica Alba Magnifica,Shrub,,8,,9,,27,,44,3,Exotic,,
Azalea indica Alphonse Anderson,Shrub,2,19,,12,,7,,40,4,Exotic,,
Azalea indica Exquisite,Shrub,,19,,16,,,,35,2,Exotic,,
Azalea indica Magnifica,Shrub,2,24,,12,,12,,50,4,Exotic,,
Azalea indica Red Wings,Shrub,1,28,,16,,8,2,55,5,Exotic,,
Azalea indica Shiraz,Shrub,1,16,1,35,,12,,65,5,Exotic,,
Azalea spp. Goyet,Shrub,,4,2,15,,3,1,25,5,Exotic,,
Babingtonia tozerensis,Shrub,,4,,23,,,,27,2,Native,,
Babingtonia virgata,Shrub,4,24,,23,,2,,53,4,Native,,
Babingtonia virgata Dwarf Form,Shrub,4,33,2,25,,7,1,72,6,Native,,
Babingtonia virgata La Petite,Shrub,,4,,29,,,,33,2,Native,,
Babingtonia virgata Minima,Shrub,,5,,20,,,1,26,3,Native,,
Backhousia citriodora,Shrub,,66,,99,,15,1,181,4,Native,,
Backhousia myrtifolia,Shrub,,32,,53,,4,,89,3,Native,,
Baloskion tetraphyllum ,Grass,,12,,19,,16,,47,3,Native,,
Banksia aemula,Shrub,,10,,32,,2,,44,3,Native,,
Banksia ericifolia,Shrub,6,47,,36,,19,1,109,5,Native,,
Banksia integrifolia,Shrub,5,91,1,117,4,99,3,320,7,Native,,
Banksia integrifolia Roller Coaster,Shrub,2,11,,8,,16,2,39,5,Native,,
Banksia integrifolia Sentinel,Shrub,,2,,3,,21,1,27,4,Native,,
Banksia marginata,Shrub,9,14,,,3,78,,104,4,Native,,
Banksia oblongifolia,Shrub,,16,,31,,,,47,2,Native,,
Banksia robur,Shrub,,29,,76,,7,,112,3,Native,,
Banksia serrata,Shrub,1,69,,30,,26,,126,4,Native,,
Banksia spinulosa,Shrub,7,43,,51,,23,1,125,5,Native,,
Banksia spinulosa Birthday Candles,Shrub,,10,,4,,22,2,38,4,Native,,
Banksia spinulosa Honey Pots,Shrub,1,7,,3,,13,1,25,5,Native,,
Banksia spp. Giant Candles,Shrub,5,16,,9,,17,,47,4,Native,,
Baumea rubiginosa,Grass,2,8,,24,,4,1,39,5,Native,,
Beaucarnea recurvata,Tree,,58,6,121,,53,11,249,5,Exotic,,
Betula nigra,Tree,,14,,34,,7,,55,3,Exotic,,
Betula pendula,Tree,3,24,,1,2,57,9,96,6,Exotic,>200k,
Betula pendula Alba,Tree,,18,,1,,60,,79,3,Exotic,,
Betula pendula Dalecarlica,Tree,,7,,,,42,,49,2,Exotic,,
Betula pendula Fastigiata,Tree,,2,,,,41,,43,2,Exotic,,
Betula pendula Moss White,Tree,,7,,,,48,,55,2,Exotic,,
Betula pendula Youngii,Tree,,6,,,3,38,2,49,4,Exotic,,
Betula utilis Jacquemontii,Tree,3,9,,,,28,,40,3,Exotic,,
Bismarckia nobilis,Palm,,13,8,103,,7,,131,4,Exotic,,
Blechnum brasiliense Silver Lady,Fern,2,40,5,55,,25,12,139,6,Exotic,,
Bougainvillea spp. Assorted,Climber,,17,4,13,,10,3,47,5,Exotic,,
Bougainvillea spp.Temple Fire,Climber,,4,2,23,2,2,1,34,6,Exotic,,
Bougainvillea,Climber,,,,,,,,,,Exotic,,
Brachychiton acerifolius,Tree,,71,3,145,3,64,8,294,6,Native,,
Brachychiton bidwillii,Tree,,9,,34,,1,,44,3,Native,,
Brachychiton discolor,Tree,,10,1,35,,21,,67,4,Native,,
Brachychiton populneus,Tree,2,41,,47,,73,3,166,5,Native,,
Brachychiton rupestris,Tree,,49,5,143,5,90,,292,5,Native,,
Brachychiton spp. Bella Donna,Tree,,6,,3,,25,3,37,4,Native,,
Brachychiton spp. Bella Pink,Tree,,6,,,4,41,2,53,4,Native,,
Brachychiton spp. Griffith Pink,Tree,,3,,,,23,2,28,3,Native,,
Brachychiton spp. Jerilderie Red,Tree,,7,,,,28,3,38,3,Native,,
Brachyscome multifida,Herb,3,26,,27,,25,1,82,5,Native,,
Brachyscome multifida Break O Day,Herb,1,14,,5,,20,1,41,5,Native,,
Brachyscome spp. Mauve Delight,Herb,,9,1,3,,18,2,33,5,Native,,
Brunfelsia latifolia,Shrub,,17,3,60,1,5,2,88,6,Exotic,,
Brunfelsia latifolia Compact Form,Shrub,,8,,19,2,,,29,3,Exotic,,
Buckinghamia celsissima,Tree,,63,1,156,,4,,224,4,Native ,,
Bursaria spinosa,Shrub,6,12,,13,,15,,46,4,Native,,
Butia capitata,Palm,,5,1,14,,20,,40,4,Exotic,,
Buxus microphylla,Shrub,1,59,,17,,21,12,110,5,Exotic,,
Buxus microphylla Faulkner,Shrub,,57,,13,2,23,6,101,5,Exotic,,
Buxus microphylla Japonica,Shrub,2,144,,47,2,42,5,242,6,Exotic,,
Buxus microphylla Koreana,Shrub,,16,,1,1,16,1,35,5,Exotic,,
Buxus microphylla Microphylla,Shrub,2,41,,6,,16,2,67,5,Exotic,,
Buxus sempervirens,Shrub,3,57,,7,2,107,4,180,6,Exotic,,
Buxus sempervirens Suffruiticosa,Shrub,3,5,,,,57,,65,3,Exotic,,
Caesalpinia ferrea,Tree,,29,4,102,,,5,140,4,Exotic,,
Calathea zebrina,Shrub,,8,2,17,,5,1,33,5,Exotic,,
Callistemon citrinus Endeavour,Shrub,7,52,1,56,2,34,8,160,7,Native,,
Callistemon citrinus White Anzac,Shrub,5,38,,45,,25,7,120,5,Native,,
Callistemon pallidus,Shrub,6,12,,3,,13,,34,4,Native,,
Callistemon pearsonii Rocky Rambler,Shrub,,5,,19,,6,,30,3,Native,,
Callistemon salignus,Shrub,1,39,,44,2,47,3,136,6,Native,,
Callistemon salignus Great Balls of Fire,Shrub,,36,,51,,25,,112,3,Native,,
Callistemon spp. All Aglow,Shrub,,10,,8,,9,,27,3,Native,,
Callistemon spp. Candy Pink,Shrub,,21,3,34,,23,2,83,5,Native,,
Callistemon spp. Cherry Time,Shrub,2,4,,11,,10,1,28,5,Native,,
Callistemon spp. Eureka,Shrub,,9,,47,,9,,65,3,Native,,
Callistemon spp. Firebrand,Shrub,,8,,14,,3,,25,3,Native,,
Callistemon spp. Hannah Ray,Shrub,,39,1,44,,37,,121,4,Native,,
Callistemon spp. Harkness,Shrub,,11,,7,2,46,1,67,5,Native,,
Callistemon spp. Hinchinbrook,Shrub,,3,,21,,1,1,26,4,Native,,
Callistemon spp. Hot Pink ,Shrub,,7,,8,,8,2,25,4,Native,,
Callistemon spp. Kings Park Special,Shrub,7,56,1,61,5,119,25,274,7,Native,,
Callistemon spp. Little John,Shrub,6,48,,87,1,42,12,196,6,Native,,
Callistemon spp. Mary Mackillop,Shrub,2,9,,12,,22,4,49,5,Native,,
Callistemon spp. Mauve Mist,Shrub,1,14,,12,,12,,39,4,Native,,
Callistemon spp. Purple Splendour,Shrub,,17,,34,,4,1,56,4,Native,,
Callistemon spp. Tangerine Dream,Shrub,1,4,1,23,,,,29,4,Native,,
Callistemon spp. Taree Pink,Shrub,,23,,20,,6,1,50,4,Native,,
Callistemon spp. Western Glory,Shrub,,9,,3,,23,2,37,4,Native,,
Callistemon viminalis,Shrub,3,17,2,62,,38,1,123,6,Native,,
Callistemon viminalis Better John,Shrub,2,10,,13,,18,1,44,5,Native,,
Callistemon viminalis Captain Cook,Shrub,2,48,3,82,1,41,6,183,7,Native,,
Callistemon viminalis Dawson River Weeper,Shrub,1,41,5,85,,54,11,197,6,Native,,
Callistemon viminalis Green John,Shrub,,6,,11,,8,1,26,4,Native,,
Callistemon viminalis Little Caroline,Shrub,2,5,,14,,6,,27,4,Native,,
Callistemon viminalis Little Silver ,Shrub,,8,,14,,7,,29,3,Native,,
Callistemon viminalis Macarthur,Shrub,1,10,,15,,10,2,38,5,Native,,
Callistemon viminalis Pink Champagne,Shrub,1,16,,52,,15,3,87,5,Native,,
Callistemon viminalis Prolific,Shrub,,2,,11,,11,2,26,4,Native,,
Callistemon viminalis Red Alert,Shrub,,13,,11,,18,1,43,4,Native,,
Callistemon viminalis Rose Opal,Shrub,,4,4,33,,2,,43,4,Native,,
Callistemon viminalis Slim,Shrub,1,17,,23,,25,2,68,5,Native,,
Callistemon viminalis Wilderness White,Shrub,,19,,67,,6,2,94,4,Native,,
Callistemon viminalis Wildfire,Shrub,,24,,94,,15,1,134,4,Native,,
Callitris columellaris,Tree,,6,,19,,1,,26,3,Native,,
Calodendrum capense ,Tree,,23,,6,,10,,39,3,Exotic ,,
Camellia japonica,Shrub,,19,,20,,21,1,61,4,Exotic,,
Camellia sasanqua,Shrub,,54,,0,,32,1,87,4,Exotic,,
Camellia sasanqua Beatrice Emily,Shrub,2,11,,11,,4,,28,4,Exotic,,
Camellia sasanqua Early Pearly,Shrub,3,6,,5,,12,,26,4,Exotic,,
Camellia sasanqua Edna Butler,Shrub,2,20,,2,,4,2,30,5,Exotic,,
Camellia sasanqua Hiryu,Shrub,4,51,,15,,40,3,113,5,Exotic,,
Camellia sasanqua Jennifer Susan,Shrub,2,62,,21,,28,1,114,5,Exotic,,
Camellia sasanqua Marge Miller,Shrub,1,12,,5,,18,1,37,5,Exotic,,
Camellia sasanqua Paradise Blush,Shrub,,14,,4,,31,2,51,4,Exotic,,
Camellia sasanqua Plantation Pink,Shrub,2,43,,11,,19,1,76,5,Exotic,,
Camellia sasanqua Pure Silk,Shrub,3,63,,20,,12,1,99,5,Exotic,,
Camellia sasanqua Setsugekka,Shrub,4,38,,24,,40,2,108,5,Exotic,,
Camellia sasanqua spp. Rose Ann,Shrub,,7,,13,,7,,27,3,Exotic,,
Camellia sasanqua Star Above Star,Shrub,2,16,,11,,7,,36,4,Exotic,,
Camellia sasanqua Yuletide,Shrub,2,24,,12,,23,,61,4,Exotic,,
Camellia spp. Assorted,Shrub,,9,,7,,15,,31,3,Exotic,,
Carex appressa,Grass,4,31,2,52,,26,1,116,6,Native,,
Carex comans Frosted Curls,Grass,,7,,,,23,,30,2,Exotic,,
Carex fascicularis,Grass,2,8,,8,,6,1,25,5,Native,,
Carex testacea,Grass,,3,,,,26,1,30,3,Exotic,,
Carissa macrocarpa Desert Star,Palm,,14,2,47,1,,3,67,5,Exotic,,
Carpentaria acuminata,Palm,,10,3,57,,,,70,3,Native,,
Carpinus betulus Fastigiata,Tree,,3,,,,50,,53,2,Exotic,,
Carpobrotus glaucescens,Herb,2,25,,45,,1,1,74,5,Native ,,
Carpobrotus rossii,Herb,,3,,,,24,,27,2,Native ,,
Castanospermum australe,Tree,,13,3,36,1,7,,60,5,Native,,
Casuarina cunninghamiana,Tree,15,36,1,46,,39,4,141,6,Native,,
Casuarina equisetifolia,Tree,,2,3,35,,,7,47,4,Native,,
Casuarina glauca,Tree,,26,,54,,8,,88,3,Native,,
Casuarina glauca Cousin It,Tree,2,27,3,64,,21,4,121,6,Native,,
Ceanothus thyrsiflorus Blue Pacific,Shrub,,7,,,,16,4,27,3,Exotic,,
Cedrus deodara,Tree,4,25,,1,,43,,73,4,Exotic,,
Celtis australis,Tree,,4,,,6,27,,37,3,Exotic,,
Cerastium tomentosum,Herb,3,13,,,1,13,2,32,5,Exotic,,
Ceratopetalum gummiferum,Shrub,,29,,4,,8,,41,3,Native,,
Ceratopetalum gummiferum Alberys Red,Shrub,,33,,29,,2,1,65,4,Native,,
Cercis canadensis,Tree,3,12,,,3,16,1,35,5,Exotic,,
Cercis canadensis Forest Pansy,Tree,5,40,,1,,85,1,132,5,Exotic,,
Cercis chinensis Avondale,Tree,1,5,,,,19,,25,3,Exotic,,
Cercis siliquastrum,Tree,,5,,,3,22,1,31,4,Exotic,,
Chamaedorea atrovirens,Palm,,21,3,72,,22,,118,4,Exotic,,
Chamaedorea cataractarum,Palm,,5,2,28,,3,,38,4,Exotic,,
Chamaedorea elegans,Palm,,21,4,36,,26,5,92,5,Exotic,,
Chamaedorea seifrizii,Palm,,24,6,53,,20,4,107,5,Exotic,,
Chamaerops humilis,Palm,,5,,15,,20,,40,3,Exotic,,
Chlorophytum comosum,Herb,,4,,18,1,6,2,31,5,Exotic,,
Choisya ternata,Shrub,4,10,,,,44,4,62,4,Exotic,,
Chrysocephalum apiculatum ,Herb,2,21,2,20,,25,,70,5,Native,,
Cissus antarctica,Climber,,19,,29,,2,,50,3,Native,,
Clivia miniata,Herb,2,51,,43,,33,3,132,5,Exotic,,
Clivia miniata Yellow,Herb,,17,,19,,30,8,74,4,Exotic,,
Clivia spp. Belgian Hybrid,Herb,,40,,32,,29,,101,3,Exotic,,
Cocos nucifera,Palm,,1,2,38,,,,41,3,Exotic,,
Cocos plumosa,Palm,,20,4,36,,48,4,112,5,Exotic,,Synonym
Codiaeum variegatum,Herb,,7,6,51,1,11,3,79,6,Native,,
Codiaeum variegatum Mammy,Herb,,8,3,46,,3,,60,4,Native,,
Codiaeum variegatum Petra,Herb,,6,3,38,,5,,52,4,Native,,
Coleonema album,Shrub,,5,,,,20,6,31,3,Exotic,,
Coleonema pulchellum Aurea ,Shrub,1,13,,1,1,42,10,68,6,Exotic,,
Coleonema pulchellum Compactum ,Shrub,,15,,1,1,31,6,54,5,Exotic,,
Convolvulus cneorum,Herb,5,36,,14,2,49,12,118,6,Exotic,,
Convolvulus mauritanicus,Herb,2,26,,2,1,17,1,49,6,Exotic,,
Coprosma repens Evening Glow,Shrub,,6,,,,18,7,31,3,Exotic,,
Coprosma spp. Karo Red,Shrub,,10,,,,23,7,40,3,Exotic,,
Cordyline australis,Tree,,37,,50,,24,7,118,4,Exotic,,
Cordyline australis Black Knight,Tree,,12,,19,,5,3,39,4,Exotic,,
Cordyline australis Cabernett,Tree,2,7,,3,,19,1,32,5,Exotic,,
Cordyline australis Peko,Tree,,11,,8,,5,2,26,4,Exotic,,
Cordyline australis Purpurea,Tree,,5,,20,,4,,29,3,Exotic,,
Cordyline australis Red Sensation,Tree,,55,,100,,30,13,198,4,Exotic,,
Cordyline australis Red Star,Tree,,23,,17,1,51,4,96,5,Exotic,,
Cordyline australis Sundance,Tree,,13,,12,,23,4,52,4,Exotic,,
Cordyline australis Torbay Dazzler,Tree,,17,,10,,16,3,46,4,Exotic,,
Cordyline banksii Electric Flash ,Tree,,11,,3,,15,,29,3,Exotic,,
Cordyline banksii Electric Pink,Tree,,21,,7,,20,6,54,4,Exotic,,
Cordyline banksii Electric Star,Tree,,11,2,4,,16,1,34,5,Exotic,,
Cordyline fruticosa,Herb,,8,2,32,,4,,46,4,Native,,
Cordyline fruticosa Apple Blossom,Herb,,7,,20,,5,,32,3,Native,,
Cordyline fruticosa Early Morning Diamond,Herb,,4,,23,,5,,32,3,Native,,
Cordyline fruticosa Fire Fountain ,Herb,,5,,38,,,,43,2,Native,,
Cordyline fruticosa Hilo Rainbow,Herb,,2,,25,,1,,28,3,Native,,
Cordyline fruticosa John Klass Red,Herb,,2,3,24,,3,,32,4,Native,,
Cordyline fruticosa Kilauea,Herb,,6,,20,,3,,29,3,Native,,
Cordyline fruticosa Kiwi,Herb,,11,,42,,2,,55,3,Native,,
Cordyline fruticosa Kiwi Pride,Herb,,3,,20,,9,,32,3,Native,,
Cordyline fruticosa Miss Andrea,Herb,,4,,29,,4,1,38,4,Native,,
Cordyline fruticosa Negra,Herb,,27,,113,,13,,153,3,Native,,
Cordyline fruticosa Pink Diamond,Herb,,26,1,72,,13,2,114,5,Native,,
Cordyline fruticosa Rubra,Herb,,42,2,99,,11,3,157,5,Native,,
Cordyline fruticosa Ruby,Herb,,10,3,17,,7,,37,4,Native,,
Cordyline fruticosa Tartan,Herb,,4,1,19,,2,,26,4,Native,,
Cordyline fruticosa Willys Gold,Herb,,4,2,19,,,,25,3,Native,,
Cordyline petiolaris,Shrub,,15,,51,,,,66,2,Native,,
Cordyline rubra,Shrub,,41,,83,,25,1,150,4,Native,,
Cordyline stricta,Shrub,,36,,52,,8,,96,3,Native,,
Correa alba,Shrub,4,27,,,1,50,1,83,5,Native,,
Correa baeuerlenii,Shrub,2,3,,,,22,,27,3,Native,,
Correa decumbens,Shrub,4,4,,,,25,1,34,4,Native,,
Correa glabra,Shrub,4,6,,,,27,2,39,4,Native,,
Correa reflexa,Shrub,2,6,,,,27,,35,3,Native,,
Correa spp. Dusky Bells,Shrub,4,14,,1,1,42,6,68,6,Native,,
Corymbia citriodora,Tree,,48,,45,4,106,8,211,5,Native,,
Corymbia citriodora Scentuous,Tree,,4,,1,,25,,30,3,Native,,
Corymbia eximia,Tree,,6,,,,21,2,29,3,Native,,
Corymbia eximia Nana,Tree,,,,,,41,,41,1,Native,,
Corymbia ficifolia,Tree,,10,,5,3,67,9,94,5,Native,,
Corymbia ficifolia Baby Orange,Tree,,9,,3,,22,,34,3,Native,,
Corymbia ficifolia Wildfire,Tree,,15,,2,2,31,,50,4,Native,,
Corymbia gummifera,Tree,,20,,6,,1,,27,3,Native,,
Corymbia intermedia,Tree,,7,,30,,,,37,2,Native,,
Corymbia maculata,Tree,,65,,26,4,119,10,224,5,Native,,
Corymbia ptychocarpa,Tree,,8,4,32,,,3,47,4,Native,,
Corymbia spp. Summer Red,Tree,,15,,21,,10,,46,3,Native,,
Corymbia tessellaris,Tree,,4,,47,,,,51,2,Native,,
Cotinus coggygria Grace,Shrub,,4,,,,22,,26,2,Exotic,,
Crassula arborescens Bluebird,Herb,,20,,,3,11,,34,3,Exotic,,
Crassula ovata,Herb,,38,,,53,13,2,106,4,Exotic,,
Crassula ovata Gollum,Herb,,18,,,17,7,,42,3,Exotic,,
Crinum pedunculatum,Herb,,48,3,74,,6,7,138,5,Native,,
Ctenanthe setosa Grey Star,Herb,,20,,28,,8,,56,3,Exotic,,
Cupaniopsis anacardioides,Tree,,162,4,235,6,14,2,423,6,Native,,
Cuphea hyssopifolia Mauve,Herb,,6,,23,,,,29,2,Exotic,,
Cuphea hyssopifolia White,Herb,,8,2,15,,18,1,44,5,Exotic,,
Cupressocyparis leylandii Castlewellan Gold,Tree,,28,2,6,,53,3,92,5,Exotic,,
Cupressocyparis leylandii Leighton Green,Tree,3,111,,14,1,72,3,204,6,Exotic,,
Cupressocyparis leylandii Naylors Blue,Tree,,17,,6,,4,4,31,4,Exotic,,
Cupressus arizonica Glabra Blue Ice,Tree,,13,,,,17,3,33,3,Exotic,,
Cupressus sempervirens Glauca,Tree,1,51,,16,5,93,11,177,6,Exotic,,
Cupressus sempervirens Nitschkes Needles,Tree,,34,,43,,14,5,96,4,Exotic,,
Cupressus sempervirens Stricta,Tree,2,20,,19,,18,8,67,5,Exotic,,
Cupressus sempervirens Swanes Gold,Tree,,11,,,3,51,2,67,4,Exotic,,
Cyathea australis,Fern,,18,,8,,16,,42,3,Native,,
Cyathea brownii,Fern,,10,,2,,14,,26,3,Native,,
Cyathea cooperi,Fern,,79,4,111,,24,15,233,5,Native,,
Cycas revoluta,Cycad,,117,9,162,,89,11,388,5,Exotic,,
Cycas thouarsii,Cycad,,9,4,35,,18,2,68,5,Exotic,,
Cyclamen spp. Assorted,Herb,,5,,1,,21,,27,3,Exotic,,
Cymbopogon citratus,Grass,,8,4,9,,6,,27,4,Exotic,,
Cymbopogon refractus,Grass,2,4,,27,,,,33,3,Native,,
Cyrtostachys renda,Palm,,,9,18,,,,27,2,Exotic,,
Dampiera diversifolia,Herb,,7,,13,1,11,4,36,5,Native,,
Daphne odora,Shrub,2,10,,,,18,,30,3,Exotic,,
Davidsonia pruriens,Tree,,11,,13,,2,,26,3,Native,,
Delonix regia,Tree,,11,8,139,,1,4,163,5,Exotic,,
Dianella brevipedunculata,Herb,,9,,50,,12,,71,3,Native,,
Dianella caerulea,Herb,3,41,,79,,28,1,152,5,Native,,
Dianella caerulea  Little Jess,Herb,,23,,24,,13,2,62,4,Native,,
Dianella caerulea Breeze,Herb,1,16,,10,,15,2,44,5,Native,,
Dianella caerulea Cassa Blue,Herb,,13,,8,,16,4,41,4,Native,,
Dianella caerulea Lucia,Herb,,12,,9,,5,,26,3,Native,,
Dianella caerulea Tiny Titan,Herb,,4,,20,,5,1,30,4,Native,,
Dianella congesta,Herb,,7,,25,,,,32,2,Native,,
Dianella longifolia,Herb,3,21,,20,,30,,74,4,Native,,
Dianella revoluta,Herb,5,24,,18,,32,8,87,5,Native,,
Dianella revoluta Little Rev,Herb,,9,,3,,13,3,28,4,Native,,
Dianella revoluta Seaspray,Herb,1,2,,2,,16,6,27,5,Native,,
Dianella spp. Streetscape ,Herb,,10,,4,,9,6,29,4,Native,,
Dianella tasmanica,Herb,4,15,,3,,32,1,55,5,Native,,
Dianella tasmanica Silver Streak,Herb,,21,,45,,31,6,103,4,Native,,
Dianella tasmanica Tas Red,Herb,,11,,7,,16,3,37,4,Native,,
Dichondra argentea Silver Falls,Climber,,37,1,19,,23,4,84,5,Exotic,,
Dichondra repens,Herb,,26,,15,,23,7,71,4,Native,,
Dichorisandra thyrsiflora,Herb,,8,2,16,,3,2,31,5,Exotic,,
Dicksonia antarctica,Fern,2,33,,3,,40,,78,4,Native,,
Dietes bicolor,Herb,5,40,2,83,2,32,7,171,7,Exotic,,
Dietes grandiflora,Herb,5,29,1,82,2,48,6,173,7,Exotic,,
Dietes iridioides,Herb,2,35,1,29,1,27,5,100,7,Exotic,,
Dioon spinulosum,Cycad,,4,4,19,,,,27,3,Exotic,,
Mandevilla sanderi (Dipladenia) Rosea Red Riding Hood,Climber,,10,,30,1,4,3,48,5,Exotic,,
Diploglottis campbelli Cheel,Tree,,9,,42,,2,,53,3,Native,,
Dodonaea triquetra,Shrub,,24,,20,,,,44,2,Native,,
Dodonaea viscosa,Shrub,5,17,,15,,20,,57,4,Native,,
Dodonaea viscosa Purpurea,Shrub,2,39,,12,,62,6,121,5,Native,,
Doodia aspera,Fern,,15,,17,,3,,35,3,Native,,
Doryanthes excelsa,Shrub,,111,,83,,48,,242,3,Native,,
Doryanthes palmeri,Shrub,,60,,68,,28,,156,3,Native,,
Dracaena deremensis,Shrub,,19,,18,,8,2,47,4,Exotic,,
Dracaena deremensis Janet Craig,Shrub,,16,1,17,,5,1,40,5,Exotic,,
Dracaena deremensis Massangeana,Shrub,,18,8,24,,23,2,75,5,Exotic,,
Dracaena draco,Tree,,100,,123,,63,16,302,4,Exotic,,
Dracaena marginata,Shrub,,46,10,131,,39,4,230,5,Exotic,,
Dracaena marginata Lam.,Shrub,,,,,,,,,,Exotic,,
Dracaena marginata Black Knight,Shrub,,18,8,72,,14,4,116,5,Exotic,,
Dracaena marginata Colorama,Shrub,,18,10,73,,9,3,113,5,Exotic,,
Dracaena marginata Tricolour,Shrub,,15,2,61,,16,2,96,5,Exotic,,
Dracaena reflexa,Shrub,,1,,31,,8,,40,3,Exotic,,
Dracaena reflexa Song of India,Shrub,,1,4,38,,2,,45,4,Exotic,,
Dypsis cabadae,Palm,,,1,27,,,,28,2,Exotic,,
Dypsis decaryi,Palm,,12,6,56,,5,5,84,5,Exotic,,
Dypsis lastelliana,Palm,,,,28,,3,,31,2,Exotic,,
Dypsis leptocheilos,Palm,,2,5,50,,2,,59,4,Exotic,,
Dypsis lutescens,Palm,,70,10,217,,28,24,349,5,Exotic,,
Echeveria spp. Black Prince,Herb,,9,3,,4,11,1,28,5,Exotic,,
Elaeocarpus eumundi,Tree,,121,3,174,,8,,306,4,Native,,
Elaeocarpus grandis,Tree,,8,,45,,1,,54,3,Native,,
Elaeocarpus obovatus,Tree,,6,,60,,,,66,2,Native,,
Elaeocarpus reticulatus,Tree,,106,,108,,37,,251,3,Native,,
Elaeocarpus reticulatus Pink Form,Tree,,18,,7,,4,,29,3,Native,,
Elaeocarpus reticulatus Prima Donna,Tree,,29,,61,,18,,108,3,Native,,
Epipremnum aureum,Herb,,25,3,15,1,18,1,63,6,Exotic,,
Eremophila glabra Kalbarri Carpet,Shrub,1,4,3,2,1,20,12,43,7,Native,,
Erigeron karvinskianus,Herb,1,16,1,36,1,26,,81,6,Exotic,,
Eriostemon myoporoides  ,Shrub,2,29,,3,,34,2,70,3,Native,,
Eriostemon myoporoides Winter Rouge  ,Shrub,1,14,,4,,17,2,38,5,Native,,
Escallonia macrantha Pink Pixie,Shrub,2,36,,6,2,32,7,85,6,Exotic,,
Escallonia spp. iveyi,Shrub,1,32,,2,1,35,4,75,6,Exotic,,
Escallonia spp. Red Knight,Shrub,1,11,,,,14,3,29,4,Exotic,,
Eucalyptus blakelyi,Tree,8,12,,,,5,,25,3,Native,,
Eucalyptus caesia,Tree,,2,,,2,22,4,30,4,Native,,
Eucalyptus caesia Silver Princess,Tree,,4,,,,54,4,62,3,Native,,
Eucalyptus camaldulensis,Tree,,4,,10,4,63,2,83,5,Native,,
Eucalyptus cinerea,Tree,8,8,,1,,20,2,39,5,Native,,
Eucalyptus cladocalyx Nana,Tree,,4,,5,2,24,6,41,5,Native,,
Eucalyptus crebra,Tree,,26,,22,,,,48,2,Native,,
Eucalyptus curtisii,Tree,,5,,23,,,,28,2,Native,,
Eucalyptus erythrocorys,Tree,,1,,,2,15,12,30,4,Native,,
Eucalyptus eximia Nana,Tree,,4,,,,23,1,28,3,Native,,
Eucalyptus forrestiana,Tree,,1,,,,23,5,29,3,Native,,
Eucalyptus grandis,Tree,,9,,18,,1,3,31,4,Native,,
Eucalyptus gregsoniana,Tree,2,1,,,,34,,37,3,Native,,
Eucalyptus haemastoma,Tree,,29,,1,,1,,31,3,Native,,
Eucalyptus leucoxylon,Tree,1,2,,,4,21,1,29,5,Native,,
Eucalyptus leucoxylon Connata,Tree,,,,,,43,,43,1,Native,,
Eucalyptus leucoxylon Euky Dwarf,Tree,2,3,,2,2,62,1,72,6,Native,,
Eucalyptus leucoxylon Megalocarpa,Tree,,4,,,3,52,7,66,4,Native,,
Eucalyptus leucoxylon Rosea,Tree,2,10,,1,4,61,10,88,6,Native,,
Eucalyptus macrandra,Tree,,7,,,,22,5,34,3,Native,,
Eucalyptus mannifera,Tree,15,15,,,,54,,84,3,Native,,
Eucalyptus mannifera Little Spotty,Tree,5,7,,,,40,,52,3,Native,,
Eucalyptus mannifera Maculosa,Tree,1,,,,,25,,26,2,Native,,
Eucalyptus melliodora,Tree,10,19,,1,,83,,113,4,Native,,
Eucalyptus microcorys,Tree,,39,,37,,1,,77,3,Native,,
Eucalyptus moluccana,Tree,,29,,13,,,,42,2,Native,,
Eucalyptus nicholii,Tree,,5,,2,,24,6,37,4,Native,,
Eucalyptus olivacea Summer Scentsation,Tree,,2,,2,,21,1,26,4,Native,,Eucalyptus macrandra
Eucalyptus ovata,Tree,,4,,,,54,,58,2,Native,,
Eucalyptus pauciflora,Tree,11,11,,,,72,,94,3,Native,,
Eucalyptus pauciflora Little Snowman,Tree,2,3,,,,36,,41,3,Native,,
Eucalyptus pilularis,Tree,,27,,12,,,,39,2,Native,,
Eucalyptus polyanthemos,Tree,11,16,,2,,84,1,114,5,Native,,
Eucalyptus propinqua,Tree,,8,,32,,,,40,2,Native,,
Eucalyptus punctata,Tree,,32,,2,,,,34,2,Native,,
Eucalyptus racemosa,Tree,,4,,22,,,,26,2,Native,,
Eucalyptus radiata,Tree,,5,,,,44,,49,2,Native,,
Eucalyptus robusta,Tree,,34,,25,,3,2,64,4,Native,,
Eucalyptus saligna,Tree,2,33,,3,,3,2,43,5,Native,,
Eucalyptus scoparia,Tree,4,15,,,,87,2,108,4,Native,,
Eucalyptus siderophloia,Tree,,6,,25,,,,31,2,Native,,
Eucalyptus sideroxylon,Tree,5,17,,,,18,2,42,4,Native,,
Eucalyptus sideroxylon Rosea,Tree,6,18,,,3,83,4,114,5,Native,,
Eucalyptus tereticornis,Tree,2,47,,54,,8,,111,4,Native,,
Eucalyptus torquata,Tree,,5,,1,2,30,9,47,5,Native,,
Eucalyptus viminalis,Tree,7,7,,,,40,,54,3,Native,,
Euonymus japonicus Green Rocket,Shrub,1,1,,,1,32,,35,4,Exotic,,
Euonymus japonicus Microphyllus Tom Thumb,Shrub,1,20,,3,2,36,8,70,6,Exotic,,
Euphorbia characias wulfenii,Herb,,7,,,,18,,25,2,Exotic,,
Evolvulus pilosus,Herb,,12,1,36,,,,49,3,Exotic,,Evolvulus pilosus Nutt.
Fagus sylvatica,Tree,1,8,,,,31,,40,3,Exotic,>200k GBIF records,
Fatsia japonica,Shrub,,10,1,4,,13,2,30,5,Exotic,,
Felicia amelloides,Herb,,7,,1,,27,1,36,4,Exotic,,
Festuca glauca,Grass,5,29,,18,1,27,4,84,6,Exotic,,
Ficus benjamina Emerald Green,Tree,,16,,9,,30,,55,3,Native,,
Ficus benjamina Exotica,Tree,,10,1,14,,11,5,41,5,Native,,
Ficus benjamina Midnight Beauty,Tree,,6,4,21,,10,6,47,5,Native,,
Ficus elastica Burgundy,Tree,,20,1,17,1,17,1,57,6,Exotic,,
Ficus lyrata,Tree,,43,5,68,2,29,1,148,6,Exotic,,
Ficus lyrata Bambino,Tree,,12,,22,,2,,36,3,Exotic,,
Ficus macrophylla,Tree,,44,5,80,,31,,160,4,Native,,
Ficus microcarpa Emerald,Tree,,24,,21,,40,,85,3,Native,,
Ficus microcarpa Flash,Tree,,61,6,46,,94,1,208,5,Native,,
Ficus microcarpa Green Island,Tree,,,,33,,,,33,1,Native,,
Ficus microcarpa Hillii,Tree,,88,1,114,3,99,5,310,6,Native,,
Ficus obliqua,Tree,,11,,52,,7,,70,3,Native ,,
Ficus platypoda,Tree,,4,,16,,10,,30,3,Native,,
Ficus pumila,Climber,1,24,1,21,,30,2,79,6,Exotic,,
Ficus rubiginosa,Tree,,50,1,35,,14,1,101,5,Native,,
Flindersia australis,Tree,,44,1,113,,6,,164,4,Native,,
Flindersia brayleyana,Tree,,6,,26,,,,32,2,Native,,
Flindersia schottiana,Tree,,17,,61,,,,78,2,Native,,
Fraxinus angustifolia,Tree,7,90,,3,7,59,10,176,6,Exotic,,
Fraxinus excelsior Aurea,Tree,2,41,,2,,50,2,97,5,Exotic,>200k GBIF records,
Fraxinus griffithii,Tree,,82,2,18,4,36,11,153,6,Exotic,,
Fraxinus pennsylvanica Cimmzam Cimmaron,Tree,2,13,,,7,50,,72,4,Exotic,,
Fraxinus pennsylvanica Urbanite,Tree,2,18,,,,40,,60,3,Exotic,,
Fraxinus velutina,Tree,6,13,,,,7,,26,3,Exotic,,
Fuchsia spp. Assorted,Herb,3,13,,1,,14,3,34,5,Exotic,,
Fuchsia,,,,,,,,,,,Exotic,,
Furcraea bedinghausii,Herb,,,,,,30,,30,1,Exotic,,
Furcraea foetida,Herb,,19,3,,52,7,3,84,5,Exotic,,
Furcraea foetida Mediopicta,Herb,,8,2,,9,4,2,25,5,Exotic,,
Furcraea foetida Variegated,Herb,,13,,,61,3,3,80,4,Exotic,,
Gahnia sieberiana,Grass,,16,,30,,5,,51,3,Native,,
Gardenia augusta Aimee Yoshiba,Shrub,,17,1,24,,15,3,60,5,Exotic,,
Gardenia augusta Florida,Shrub,2,151,2,142,,50,21,368,6,Exotic,,
Gardenia augusta Four Seasons,Shrub,,14,,15,,5,2,36,4,Exotic,,
Gardenia augusta Golden Magic,Shrub,,26,2,30,,14,11,83,5,Exotic,,
Gardenia augusta Magnifica,Shrub,2,106,1,94,,29,6,238,6,Exotic,,
Gardenia augusta Professor Pucci,Shrub,,43,1,43,1,21,16,125,6,Exotic,,
Gardenia augusta Radicans,Shrub,1,76,4,110,,23,7,221,6,Exotic,,
Gardenia spp. Forever More,Shrub,,8,,16,,4,1,29,4,Exotic,,
Gardenia spp. Grandiflora Star,Shrub,,18,3,43,,8,10,82,5,Exotic,,
Gardenia spp. Ocean Pearl,Shrub,,14,2,26,,5,4,51,5,Exotic,,
Gardenia spp. True Love ,Shrub,,4,4,21,,,3,32,4,Exotic,,
Gardenia,Shrub,,,,,,,,,,Exotic,,
Gaura lindheimeri Belleza Dark Pink,Herb,,11,,1,,16,,28,3,Exotic,,
Gazania rigens,Herb,,5,,38,,,,43,2,Exotic,,
Gazania spp. Assorted,Herb,2,12,1,20,,18,,53,5,Exotic,,
Gazania tomentosa,Herb,,22,,6,,4,,32,3,Exotic,None,
Geijera parviflora,Shrub,,1,,,2,30,,33,3,Native,,
Geranium spp. Assorted,Herb,1,10,,4,,19,1,35,5,Exotic,,
Geranium spp. Caliope Big Red,Herb,,10,,9,,6,1,26,4,Exotic,,
Gibasis geniculata,Herb,,10,,7,,9,,26,3,Exotic,,
Ginkgo biloba,Tree,6,41,,7,6,86,3,149,6,Exotic,,
Ginkgo biloba Princeton Sentry,Tree,3,2,,,,23,,28,3,Exotic,,
Gleditsia triacanthos Inermis Elegantissima,Tree,,3,,,2,33,2,40,4,Exotic,,
Gleditsia triacanthos Inermis Ruby Lace,Tree,5,11,,,2,22,1,41,5,Exotic,,
Gleditsia triacanthos Inermis Shademaster,Tree,9,33,,,3,50,6,101,5,Exotic,,
Gleditsia triacanthos Sunburst,Tree,5,45,,,,66,5,121,4,Exotic,,
Glochidion ferdinandi,Tree,,40,,26,,,,66,2,Native,,
Goodenia ovata,Herb,,7,,27,,26,1,61,4,Native,,
Gordonia axillaris,Shrub,,21,,24,,4,,49,3,Exotic,,
Graptophyllum ilicifolium,Shrub,,10,,26,,,,36,2,Exotic,,
Grevillea baileyana,Shrub,,17,,112,,,,129,2,Native,,
Grevillea banksii Forsterii,Shrub,,9,1,14,,1,,25,4,Native,,
Grevillea ivanhoe,Shrub,,13,,6,,10,4,33,4,Native,,Cultivar
Grevillea juniperina Molonglo,Shrub,1,14,,14,,9,4,42,5,Native,,
Grevillea juniperina Pink Lady,Shrub,4,11,,3,,11,,29,4,Native,,
Grevillea lanigera,Shrub,3,19,,1,,11,1,35,5,Native,,
Grevillea lanigera Mt Tamboritha,Shrub,5,31,,33,,33,13,115,5,Native,,
Grevillea olivacea Red,Shrub,,,,,1,11,13,25,3,Native,,
Grevillea rivularis Bronze Rambler,Shrub,5,28,,37,,19,3,92,5,Native,,
Grevillea robusta,Shrub,,18,2,59,,28,2,109,5,Native,,
Grevillea rosmarinifolia,Shrub,3,23,,7,,30,2,65,5,Native,,
Grevillea spp. Billy Bonkers,Shrub,,5,,11,,11,4,31,4,Native,,
Grevillea spp. Bonnie Prince Charlie,Shrub,,11,,2,,26,11,50,4,Native,,
Grevillea spp. Caloundra Gem,Shrub,,11,,23,,,1,35,3,Native,,
Grevillea spp. Coconut Ice,Shrub,,22,1,57,,23,9,112,5,Native,,
Grevillea spp. Cooroora Cascade,Shrub,,10,2,39,,,,51,3,Native,,
Grevillea spp. Elegance,Shrub,,9,,25,,1,1,36,4,Native,,
Grevillea spp. Fanfare,Shrub,,10,,27,,9,2,48,4,Native,,
Grevillea spp. Firesprite,Shrub,,11,,43,,8,5,67,4,Native,,
Grevillea spp. Fireworks,Shrub,2,12,,7,,18,4,43,5,Native,,
Grevillea spp. Flamingo,Shrub,,13,,17,,1,2,33,4,Native,,
Grevillea spp. Forest Rambler,Shrub,3,13,,34,,10,1,61,5,Native,,
Grevillea spp. GaudieChaudi,Shrub,4,21,,19,,20,3,67,5,Native,,
Grevillea spp. Gin Gin Gem,Shrub,1,5,,17,,16,14,53,5,Native,,
Grevillea spp. Gold Rush,Shrub,,3,,1,,22,4,30,4,Native,,
Grevillea spp. Golden Lyre,Shrub,,9,1,25,,,,35,3,Native,,
Grevillea spp. Honey Gem,Shrub,,32,,63,,7,2,104,4,Native,,
Grevillea spp. Ivory Whip,Shrub,,7,,11,,6,2,26,4,Native,,
Grevillea spp. Jelly Baby,Shrub,,3,,1,,22,2,28,4,Native,,
Grevillea spp. John Evans,Shrub,3,15,,24,,12,1,55,5,Native,,
Grevillea spp. Lady O,Shrub,2,17,,12,,20,4,55,5,Native,,
Grevillea spp. Lemon Daze,Shrub,,12,,4,,14,,30,3,Native,,
Grevillea spp. Lemon Supreme,Shrub,2,10,,8,,9,8,37,5,Native,,
Grevillea spp. Liliane,Shrub,,6,,31,,3,1,41,4,Native,,
Grevillea spp. Loopy Lou,Shrub,,10,,28,,13,,51,3,Native,,
Grevillea spp. Majestic,Shrub,,7,,22,,,,29,2,Native,,
Grevillea spp. Misty Pink,Shrub,,14,,14,,,1,29,3,Native,,
Grevillea spp. Moonlight,Shrub,,31,1,72,,20,4,128,5,Native,,
Grevillea spp. Ned Kelly,Shrub,,24,2,59,,23,5,113,5,Native,,
Grevillea spp. New Blood,Shrub,1,15,,4,,22,5,47,5,Native,,
Grevillea spp. Orange Marmalade,Shrub,,11,,57,,,,68,2,Native,,
Grevillea spp. Pink Pearl,Shrub,,5,,16,,7,1,29,4,Native,,
Grevillea spp. Pink Surprise,Shrub,,15,,35,,1,2,53,4,Native,,
Grevillea spp. Poorinda Royal Mantle,Shrub,4,21,,33,,14,6,78,5,Native,,
Grevillea spp. Red Sunset,Shrub,2,5,,14,,12,5,38,5,Native,,
Grevillea spp. Robyn Gordon,Shrub,,32,1,80,,42,11,166,5,Native,,
Grevillea spp. Sandra Gordon,Shrub,,14,,23,,1,1,39,4,Native,,
Grevillea spp. Scarlet Sprite,Shrub,1,21,,30,,23,5,80,5,Native,,
Grevillea spp. Sea Spray,Shrub,,1,,1,,19,7,28,4,Native,,
Grevillea spp. Soopa Doopa,Shrub,,7,,19,,12,,38,3,Native,,
Grevillea spp. Splendour,Shrub,,6,,17,,3,3,29,4,Native,,
Grevillea spp. Strawberry Sundae,Shrub,,4,,21,,2,3,30,4,Native,,
Grevillea spp. Superb,Shrub,,35,1,69,,26,10,141,5,Native,,
Grevillea spp. Winpara Gem,Shrub,2,13,,13,1,19,4,52,6,Native,,
Grevillea spp. Winpara Gold,Shrub,,10,,13,1,18,5,47,5,Native,,
Gymnostoma australianum,Tree,,14,4,51,,8,,77,4,Native,,
Hakea bucculenta,Shrub,,2,,,,19,4,25,3,Native,,
Hakea laurina,Shrub,,6,,2,2,45,15,70,5,Native,,
Hakea salicifolia,Shrub,7,27,,4,,39,,77,4,Native,,
Hardenbergia violacea,Climber,7,40,,42,,21,,110,4,Native,,
Hardenbergia violacea Happy Wanderer,Climber,,8,,4,,23,4,39,4,Native,,
Hardenbergia violacea Meema,Climber,1,13,,14,,9,2,39,5,Native,,
Hardenbergia violacea Mini HaHa,Climber,1,11,,6,,12,,30,4,Native,,
Harpullia pendula,Tree,,30,,178,,2,,210,3,Native,,
Hebe buxifolia,Shrub,1,13,,1,,27,1,43,5,Exotic,,
Hebe spp. Emerald Green,Shrub,1,4,,,,21,,26,3,Exotic,,
Hebe spp. Icing Sugar,Shrub,5,7,,,,18,5,35,4,Exotic,,
Hebe spp. Inspiration,Shrub,5,10,,,1,32,3,51,5,Exotic,,
Hebe spp. Lemon and Lime,Shrub,1,8,,,,23,,32,3,Exotic,,
Hebe spp. Mary Antoinette,Shrub,2,8,,,,24,1,35,4,Exotic,,
Hebe spp. Snowdrift,Shrub,3,6,,,,17,,26,3,Exotic,,
Hebe spp. Wiri Charm,Shrub,2,6,,,,14,3,25,4,Exotic,,
Hebe spp. Wiri Cloud,Shrub,,9,,,,28,,37,2,Exotic,,
Hebe spp. Wiri Image,Shrub,,13,,,,14,2,29,3,Exotic,,
Hedera canariensis,Climber,,19,,4,,5,3,31,4,Exotic,,
Hedera helix,Climber,,11,,14,,9,,34,3,Exotic,,
Helichrysum italicum,Herb,,10,,5,,13,,28,3,Exotic,,
Helichrysum petiolare,Herb,,17,,1,,10,1,29,4,Exotic,,
Helleborus orientalis,Herb,1,11,,,,18,,30,3,Exotic,,
Hemerocallis spp. Assorted ,Herb,,9,,14,,4,,27,3,Exotic,,
Hibbertia obtusifolia,Shrub,,15,,4,,12,2,33,4,Native,,
Hibbertia scandens,Climber,,37,,53,,15,14,119,4,Native,,
Hibiscus heterophyllus,Shrub,,7,,18,,1,,26,3,Native,,
Hibiscus rosa-sinensis Ritzy,Shrub,,3,3,21,1,1,,29,5,Exotic,,
Hibiscus tiliaceus,Shrub,,12,,45,,,5,62,3,Native,,
Hibiscus tiliaceus Rubra,Shrub,,39,7,79,3,,19,147,5,Native,,
Hovea acutifolia ,Shrub,,6,,37,,1,,44,3,Native,,
Howea belmoreana,Palm,,4,,21,,,,25,2,Native,,
Howea forsteriana,Palm,,79,,135,,41,10,265,4,Native,,
Hydrangea spp. Assorted,Shrub,1,12,,6,,14,,33,4,Exotic,,
Hymenocallis littoralis,Herb,,23,3,88,,3,,117,4,Exotic,,
Hymenocallis speciosa,Herb,,7,,48,,,,55,2,Exotic,,
Hymenosporum flavum,Tree,,60,,68,4,83,12,227,5,Native,,
Hyophorbe lagenicaulis,Palm,,2,3,64,,3,,72,4,Exotic,,
Hyophorbe verschaffeltii,Palm,,,4,39,,4,,47,3,Exotic,,
Iberis sempervirens,Herb,,10,,,,21,,31,2,Exotic,,
Impatiens hawkeri  ,Herb,,6,,16,,3,,25,3,Exotic,,
Imperata cylindrica,Grass,1,13,,21,,3,,38,4,Native,,
Indigofera australis,Shrub,3,13,,10,,16,,42,4,Native,,
Isolepis nodosa,Grass,3,45,1,80,,30,10,169,6,Native,,
Ixora chinensis Prince of Orange,Shrub,,9,,77,,3,1,90,4,Exotic,,
Ixora coccinea Coral Fire,Shrub,,3,4,55,,,,62,3,Exotic,,
Ixora coccinea Sunkist,Shrub,,,5,21,,,,26,2,Exotic,,
Ixora spp. Gold Fire,Shrub,,2,,45,,,,47,2,Exotic,,
Ixora spp. Pink Malay,Shrub,,1,4,58,,,,63,3,Exotic,,
Jacaranda mimosifolia,Tree,,110,3,146,8,95,13,375,6,Exotic,,
Jagera pseudorhus,Tree,,3,,22,,,,25,2,Native ,,
Jasminum polyanthum,Climber,1,25,3,32,1,21,3,86,7,Exotic,,
Juncus kraussii,Grass,2,8,,28,,2,5,45,5,Native,,
Juniperus chinensis Spartan,Tree,,82,,47,,75,2,206,4,Exotic,,
Juniperus conferta,Shrub,,30,1,51,1,19,5,107,6,Exotic,,
Juniperus scopulorum Blue Arrow,Tree,,8,,,,26,,34,2,Exotic,,
Juniperus taxifolia Lutchuensis,Shrub,,13,,8,,7,,28,3,Exotic,,
Juniperus virginiana Skyrocket,Tree,2,40,,3,,35,5,85,5,Exotic,,
Juniperus virginiana Spartan,Tree,1,33,,2,,18,1,55,5,Exotic,,
Kalanchoe spp. Assorted,Herb,,8,,,4,19,,31,3,Exotic,,
Kalanchoe thyrsifolia,Herb,,5,2,,6,13,1,27,5,Exotic,,
Kennedia rubicunda,Climber,2,13,,13,,6,1,35,5,Native,,
Koelreuteria paniculata,Tree,2,32,,4,6,40,2,86,6,Exotic ,,
Kunzea ambigua,Shrub,,23,,3,,3,4,33,4,Native,,
Lagerstroemia fauriei Fantasy,Tree,2,3,,1,,20,1,27,5,Exotic,,
Lagerstroemia indica,Tree,1,35,2,20,,7,,65,5,Exotic ,,
Lagerstroemia speciosa,Tree,,2,2,21,,,,25,3,Exotic ,,
Lagerstroemia spp. Acoma,Tree,,28,,9,2,30,1,70,5,Exotic,,
Lagerstroemia spp. Assorted,Tree,,7,,9,7,5,,28,4,Exotic ,,
Lagerstroemia spp. Biloxi,Tree,6,46,,,2,65,4,123,5,Exotic,,
Lagerstroemia spp. Comanche,Tree,,4,,,2,31,2,39,4,Exotic,,
Lagerstroemia spp. Hopi,Tree,,17,,6,2,29,,54,4,Exotic,,
Lagerstroemia spp. Lipan,Tree,4,52,,9,2,70,1,138,6,Exotic ,,
Lagerstroemia spp. Miami,Tree,,12,,4,,12,,28,3,Exotic ,,
Lagerstroemia spp. Natchez,Tree,2,97,,23,2,141,8,273,6,Exotic ,,
Lagerstroemia spp. Sioux,Tree,5,62,,13,2,102,4,188,6,Exotic ,,
Lagerstroemia spp. Tonto,Tree,2,24,,3,2,25,2,58,6,Exotic ,,
Lagerstroemia spp. Tuscarora,Tree,3,94,,14,2,148,5,266,6,Exotic ,,
Lagerstroemia spp. Zuni,Tree,1,34,,4,2,78,4,123,6,Exotic ,,
Lavandula angustifolia Hidcote    ,Herb,1,9,,4,,29,1,44,5,Exotic,,
Lavandula angustifolia Munstead    ,Herb,1,6,,4,,24,1,36,5,Exotic,,
Lavandula angustifolia ssp angustifolia    ,Herb,4,11,,1,,23,2,41,5,Exotic,,
Lavandula dentata    ,Herb,4,24,,17,1,25,13,84,6,Exotic,,
Lavandula stoechas Avonview    ,Herb,1,40,,14,1,49,10,115,6,Exotic,,
Lepidozamia peroffskyana,Shrub,,20,,17,,10,,47,3,Native,,
Lepironia articulata,Grass,3,10,2,29,,5,,49,5,Native,,
Leptospermum flavescens Cardwell,Shrub,,38,,56,,4,10,108,4,Native,,
Leptospermum laevigatum,Shrub,,13,,6,,23,,42,3,Native,,
Leptospermum liversidgei ,Shrub,,8,,17,,,,25,2,Native,,
Leptospermum madidum,Shrub,,2,2,23,,,,27,3,Native,,
Leptospermum nanum Rubrum,Shrub,,5,,3,,19,5,32,4,Native,,Variety
Leptospermum obovatum Starry Night,Shrub,,8,,6,,27,2,43,4,Native,,
Leptospermum petersonii,Shrub,,43,,53,,40,2,138,4,Native,,
Leptospermum polygalifolium ,Shrub,,21,,40,,,,61,2,Native,,
Leptospermum polygalifolium Pacific Beauty,Shrub,,8,,31,,1,5,45,4,Native,,
Leptospermum scoparium Burgundy Queen,Shrub,,9,,22,,1,2,34,4,Native,,
Leptospermum scoparium Nanum Rubrum,Shrub,,5,,8,1,9,4,27,5,Native,,
Leptospermum spp. Copper Glow,Shrub,2,8,,2,,32,,44,4,Native,,
Leptospermum spp. Pink Cascade,Shrub,3,27,,58,,8,9,105,5,Native,,
Leucadendron galpinii Purple Haze,Shrub,,4,,1,,25,1,31,4,Exotic,,
Leucadendron spp. Jack Harre,Shrub,2,3,,,,21,1,27,4,Exotic,,
Leucadendron spp. Safari Sunset,Shrub,,10,,2,,30,2,44,4,Exotic,,
Leucophyta brownii,Shrub,,3,,,,26,9,38,3,Native,,
Leucophyta brownii Silver Nugget,Shrub,,6,,,,13,6,25,3,Native,,
Licuala elegans,Palm,,2,2,18,,3,,25,4,Exotic,,
Licuala ramsayi,Palm,,12,2,46,,,,60,3,Native,,
Ligustrum undulatum,Shrub,,2,,5,2,29,,38,4,Exotic,,Variety
Limonium perezii,Herb,,9,,3,1,27,1,41,5,Exotic,,
Linospadix monostachya,Palm,,10,,14,,1,,25,3,Native,,
Liquidambar styraciflua,Tree,1,71,,36,2,50,8,168,6,Exotic,,
Liriodendron tulipifera,Tree,,55,,2,,54,2,113,4,Exotic,,
Liriodendron tulipifera Fastigiata,Tree,,8,,,,45,,53,2,Exotic,,
Liriope gigantea,Herb,,2,,14,,17,1,34,4,Exotic,,
Liriope muscari,Herb,3,17,,19,,24,,63,4,Exotic,,
Liriope muscari Amethyst ,Herb,1,7,,8,,10,,26,4,Exotic,,
Liriope muscari Elmarco,Herb,,17,,10,,9,1,37,4,Exotic,,
Liriope muscari Evergreen Giant,Herb,4,79,3,161,2,55,13,317,7,Exotic,,
Liriope muscari Isabella,Herb,,14,1,14,,13,1,43,5,Exotic,,
Liriope muscari Just Right,Herb,1,10,1,20,,12,2,46,6,Exotic,,
Liriope muscari Royal Purple,Herb,,25,,7,,22,3,57,4,Exotic,,
Liriope muscari Samantha,Herb,,20,,9,,17,5,51,4,Exotic,,
Liriope muscari Stripey White,Herb,4,19,,86,,13,1,123,5,Exotic,,
Liriope muscari Variegated,Herb,,21,,8,,11,,40,3,Exotic,,
Livistona australis,Palm,,74,10,127,,37,3,251,5,Native,,
Livistona chinensis,Palm,,25,6,56,,33,,120,4,Exotic,,
Livistona decora ,Palm,,11,7,127,,4,,149,4,Native,,
Livistona nitida,Palm,,18,,16,,,,34,2,Native,,
Lomandra confertifolia,Herb,3,7,,27,,6,,43,4,Native,,
Lomandra confertifolia Crackerjack  ,Herb,,12,,19,,12,6,49,4,Native,,
Lomandra confertifolia Frosty Top,Herb,,6,,4,,21,1,32,4,Native,,
Lomandra confertifolia Little Con,Herb,,14,,25,,40,6,85,4,Native,,
Lomandra confertifolia Little Pal,Herb,1,4,,17,,30,5,57,5,Native,,
Lomandra confertifolia Pallida Tilga ,Herb,,11,,14,,6,2,33,4,Native,,
Lomandra confertifolia Seascape,Herb,,6,,1,,22,,29,3,Native,,
Lomandra fluviatilis Shara,Herb,1,14,1,26,,6,1,49,6,Native,,
Lomandra hystrix,Herb,3,62,,127,,17,1,210,5,Native,,
Lomandra hystrix Katie Belle,Herb,,14,,20,,1,3,38,4,Native,,
Lomandra hystrix Lucky Stripe,Herb,,8,2,18,,,,28,3,Native,,
Lomandra hystrix Tropic Belle,Herb,,14,,18,,,2,34,3,Native,,
Lomandra longifolia,Herb,8,80,3,108,1,48,3,251,7,Native,,
Lomandra longifolia Katrinus ,Herb,,18,,4,,8,,30,3,Native,,
Lomandra longifolia Katrinus Deluxe  ,Herb,,13,,12,,6,2,33,4,Native,,
Lomandra longifolia Nyalla,Herb,,18,,4,,9,2,33,4,Native,,
Lomandra longifolia Tanika,Herb,,33,,7,,45,2,87,4,Native,,
Lomandra longifolia Verday,Herb,4,16,1,17,,15,1,54,6,Native,,
Lomandra spp. Blue Ridge,Herb,2,9,1,12,,7,2,33,6,Native,,
Lomandra spp. Lime Tuff  ,Herb,,18,3,7,,28,4,60,5,Native,,
Lomandra spp. Lime Wave,Herb,,4,,,,25,4,33,3,Native,,
Lonicera nitida,Climber,2,10,,5,,23,1,41,5,Exotic,,
Lophostemon confertus,Tree,,68,1,114,4,77,1,265,6,Native,,
Lophostemon suaveolens,Tree,,6,,49,,,,55,2,Native,,
Loropetalum chinense,Shrub,3,10,3,11,,3,,30,5,Exotic,,
Loropetalum chinense China Pink,Shrub,,45,,46,,22,1,114,4,Exotic,,
Loropetalum chinense Purple Pixie,Shrub,1,13,2,9,,2,,27,5,Exotic,,
Loropetalum chinense Rubrum Burgundy,Shrub,2,18,,6,,10,,36,4,Exotic,,
Loropetalum chinense Rubrum Razzleberri,Shrub,,12,1,13,,2,2,30,5,Exotic,,
Luma apiculata,Shrub,2,2,,,,23,,27,3,Exotic,,
Macaranga tanarius,Tree,,3,,25,,,,28,2,Native,,
Macrozamia communis,Cycad,,30,,10,,15,,55,3,Native,,
Magnolia denudata,Tree,,29,,,,21,,50,2,Exotic,,
Magnolia grandiflora,Tree,,33,,12,,15,3,63,4,Exotic,,
Magnolia grandiflora Alta ,Tree,,8,,,,27,,35,2,Exotic,,
Magnolia grandiflora Exmouth,Tree,,98,1,44,,61,6,210,5,Exotic,,
Magnolia grandiflora Greenback,Tree,,7,,,,32,1,40,3,Exotic,,
Magnolia grandiflora Kay Parris,Tree,,38,,16,,69,7,130,4,Exotic,,
Magnolia grandiflora Little Gem,Tree,1,209,3,178,5,143,15,554,7,Exotic,,
Magnolia grandiflora St Marys,Tree,,17,,8,,23,,48,3,Exotic,,
Magnolia grandiflora Teddy Bear,Tree,,85,,52,,67,2,206,4,Exotic,,
Magnolia spp. Black Tulip,Tree,,15,,1,,31,,47,3,Exotic,,
Magnolia spp. Elizabeth,Tree,,17,,2,,21,1,41,4,Exotic,,
Magnolia spp. Felix,Tree,,19,,1,,19,,39,3,Exotic,,
Magnolia spp. Star Wars,Tree,,17,,1,,12,,30,3,Exotic,,
Magnolia spp. Susan,Tree,,12,,3,,10,1,26,4,Exotic,,
Magnolia spp. Vulcan ,Tree,,23,,1,,42,,66,3,Exotic,,
Magnolia stellata,Tree,,10,,,,17,,27,2,Exotic,,
Magnolia x soulangeana,Tree,1,65,,2,,25,1,94,5,Exotic,,
Malus ioensis Plena,Tree,6,47,,2,,83,,138,4,Exotic,,
Malus spectabilis,Tree,6,13,,,,11,,30,3,Exotic,,
Malus tschonoskii,Tree,,9,,,,28,,37,2,Exotic,,
Mandevilla spp.  Aloha Red,Climber,,7,,21,,2,,30,3,Exotic,,
Megaskepasma erythrochlamys,Shrub,,6,4,18,,,,28,3,Exotic,,
Melaleuca armillaris,Shrub,2,15,,4,,10,5,36,5,Native,,
Melaleuca bracteata,Shrub,,6,,31,,,,37,2,Native,,
Melaleuca bracteata Revolution Gold,Shrub,,15,4,16,,4,2,41,5,Native,,
Melaleuca bracteata Revolution Green,Shrub,,15,1,16,,1,3,36,5,Native,,
Melaleuca decora,Tree,,26,,3,,,,29,2,Native,,
Melaleuca lanceolata,Shrub,,1,,,,28,6,35,3,Native,,
Melaleuca leucadendra Broad Leaf,Tree,,11,5,89,,,2,107,4,Native,,
Melaleuca leucadendra Fine Leaf,Tree,,10,,69,,,1,80,3,Native,,
Melaleuca linariifolia,Shrub,3,43,3,29,,23,6,107,6,Native,,
Melaleuca linariifolia Claret Tops,Shrub,,23,,74,,6,1,104,4,Native,,
Melaleuca nodosa,Shrub,,19,,20,,,,39,2,Native,,
Melaleuca quinquenervia,Tree,,42,,103,,1,9,155,4,Native,,
Melaleuca quinquenervia Mini quini,Shrub,,10,,18,,,,28,2,Native,,
Melaleuca styphelioides,Tree,,44,,9,,10,,63,3,Native,,
Melaleuca thymifolia,Shrub,1,35,1,60,,9,,106,5,Native,,
Melaleuca thymifolia Little Beauty,Shrub,,6,,21,,,,27,2,Native,,
Melaleuca viridiflora,Tree,,6,,30,,,,36,2,Native,,
Melastoma affine,Shrub,,7,,35,,,,42,2,Native,,
Melia azedarach,Tree,,27,,22,4,91,,144,4,Native,,
Mesembryanthemum spp. Pink,Herb,,6,,4,,15,1,26,4,Exotic,,
Mesembryanthemum spp. White,Herb,,10,,5,,10,1,26,4,Exotic,,
Metrosideros collina Little Dugald,Shrub,,9,,65,,2,,76,3,Exotic,,
Metrosideros collina Springfire,Shrub,,8,,27,,,1,36,3,Exotic,,
Metrosideros excelsa,Shrub,,16,,1,2,13,1,33,5,Exotic,,
Metrosideros excelsa Variegated,Shrub,,8,,17,,1,1,27,4,Exotic,,
Metrosideros spp. Tahiti,Shrub,,17,,20,,26,1,64,4,Exotic,,
Metrosideros thomasii,Shrub,,41,,90,,3,7,141,4,Exotic,,Variety
Metrosideros vitiensis Fiji Fire,Shrub,,30,,92,,13,7,142,4,Exotic,,Variety
Michelia champaca,Tree,,17,2,15,,2,,36,4,Exotic,,
Michelia figo,Shrub,2,106,,131,,45,12,296,5,Exotic,,
Michelia spp. Coco,Tree,,30,1,58,,7,3,99,5,Exotic,,
Michelia spp. Fairy Blush ,Shrub,,11,,9,,18,3,41,4,Exotic,,
Michelia x alba,Tree,,20,,10,,13,,43,3,Exotic,,
Michelia x Bubbles,Shrub,,12,,21,,3,1,37,4,Exotic,,
Michelia yunnanensis Scented Pearl,Tree,,7,,1,,19,,27,3,Exotic,,
Microlaena stipoides,Grass,2,14,,11,,3,,30,4,Native,,
Mimusops elengi,Tree,,,7,29,,,,36,2,Native,,
Molineria capitulata,Herb,,9,2,26,,,,37,3,Native,,
Monstera deliciosa,Climber,,,1,22,1,15,5,44,5,Exotic,,
Morus alba Pendula,Tree,,18,,2,4,24,4,52,5,Exotic,,
Morus alba L.,Tree,,,,,,,,,,Exotic,,Morus alba L.
Murraya paniculata,Shrub,,204,5,236,2,56,15,518,6,Exotic,,
Murraya paniculata Min-a-min,Shrub,,19,5,97,,8,4,133,5,Exotic,,
Myoporum ellipticum,Shrub,,,,46,,,,46,1,Native,,
Myoporum parvifolium,Shrub,1,18,,10,,21,,50,4,Native,,
Myoporum parvifolium Broad Leaf,Shrub,3,17,1,48,1,28,11,109,7,Native,,
Myoporum parvifolium Fine Leaf,Shrub,2,14,,28,,27,7,78,5,Native,,
Myoporum parvifolium Fine Leaf White,Shrub,,3,,2,1,20,,26,4,Native,,
Myoporum parvifolium Pink,Shrub,,14,,18,,18,5,55,4,Native,,
Myoporum parvifolium Purpurea,Shrub,3,11,,2,1,17,8,42,6,Native,,
Myoporum parvifolium Yareena ,Shrub,,7,,9,,10,3,29,4,Native,,
Myrsine africana,Shrub,,,,1,,5,26,32,3,Exotic,,
Nandina domestica,Shrub,3,40,,38,,36,4,121,5,Exotic,,
Nandina domestica Blush,Shrub,,12,,18,,20,2,52,4,Exotic,,
Nandina domestica Flirt,Shrub,1,10,,18,,19,2,50,5,Exotic,,
Nandina domestica Gulf Stream,Shrub,,24,,9,,12,1,46,4,Exotic,,
Nandina domestica Moon Bay,Shrub,2,55,,22,1,43,,123,5,Exotic,,
Nandina domestica Nana,Shrub,2,75,,122,2,62,10,273,6,Exotic,,
Nandina domestica Obsession,Shrub,1,16,1,17,,20,1,56,6,Exotic,,
Neomarica gracilis,Herb,,29,3,47,,12,,91,4,Exotic,,
Neoregelia spp. Assorted,Herb,,6,3,10,,9,,28,4,Exotic,,
Nephrolepis biserrata Macho,Fern,,6,5,16,,5,,32,4,Exotic,,
Nephrolepis exaltata Boston,Fern,,10,,11,,5,,26,3,Exotic,,
Nerium oleander Dwarf Apricot,Shrub,,19,,11,,3,11,44,4,Exotic,,
Nyssa sylvatica,Tree,,36,,2,,20,,58,3,Exotic,,
Ophiopogon intermedius Alba Variegated,Herb,,26,,30,,16,6,78,4,Exotic,,
Ophiopogon japonicus,Herb,2,63,1,56,,26,6,154,6,Exotic,,
Ophiopogon japonicus Nana,Herb,1,64,,74,1,22,5,167,6,Exotic,,
Ophiopogon japonicus Nigrescens,Herb,2,9,,4,,18,2,35,5,Exotic,,
Ophiopogon planiscapus Nigrescens,Herb,,34,,37,,15,6,92,4,Exotic,,
Ophiopogon spp. Bali Stripe,Herb,,9,,12,,5,1,27,4,Exotic,,
Orthrosanthus multiflorus,Herb,,2,,,,30,6,38,3,Native,,
Osmanthus fragrans,Shrub,1,22,,6,,3,,32,4,Exotic,,
Osteospermum spp. Assorted,Herb,,6,,9,,13,1,29,4,Exotic,,
Ozothamnus diosmifolius,Herb,,8,,16,,1,,25,3,Native,,
Pandanus baptistii Variegated,Herb,,,6,23,,,,29,2,Exotic,,
Pandanus tectorius,Tree,,30,,223,,2,,255,3,Native,,
Pandanus utilis,Tree,,11,2,52,,2,3,70,5,Exotic,,
Pandorea jasminoides,Climber,1,24,2,51,,9,1,88,6,Native,,
Pandorea pandorana,Climber,,11,,13,,3,,27,3,Native,,
Parthenocissus tricuspidata,Climber,,13,,,,12,,25,2,Exotic,,
Peltophorum pterocarpum,Tree,,7,9,67,,,,83,3,Exotic,,
Pennisetum advena Rubrum,Grass,,47,1,76,,5,5,134,5,Exotic,,
Pennisetum advena Rubrum Dwarf,Grass,,16,,26,2,12,,56,4,Exotic,,
Pennisetum alopecuroides,Grass,3,29,,35,,16,,83,4,Native,,
Pennisetum alopecuroides Nafray,Grass,,16,,32,,9,,57,3,Native,,
Pennisetum macrostachyum Rubrum Compacta,Grass,,10,,25,,2,3,40,4,Exotic,,
Philodendron spp. Congo ,Herb,,17,1,30,,8,,56,4,Exotic,,
Philodendron spp. Hope,Herb,,8,1,35,,5,2,51,5,Exotic,,
Philodendron spp. Imperial Green,Herb,,7,3,15,,4,,29,4,Exotic,,
Philodendron spp. Imperial Red,Herb,,5,6,15,,5,,31,4,Exotic,,
Philodendron spp. Rojo Congo,Herb,,20,,40,,5,,65,3,Exotic,,
Phoenix canariensis,Palm,,18,5,91,,84,1,199,5,Exotic,,
Phoenix roebelenii,Palm,,37,8,94,,62,12,213,5,Exotic,,
Phormium spp. Bronze Baby,Shrub,2,26,,2,,27,1,58,5,Native,,
Phormium tenax,Herb,,21,,4,,24,1,50,4,Exotic,,
Phormium tenax Flashdance  ,Herb,,15,,1,,14,,30,3,Exotic,,
Phormium tenax Pink Ribbon ,Herb,3,17,,1,,17,,38,4,Exotic,,
Phormium tenax Purple Haze,Herb,1,3,,,,22,2,28,4,Exotic,,
Phormium tenax Purpurea,Herb,,28,,3,,21,3,55,4,Exotic,,
Phormium tenax Yellow Wave,Herb,,5,,1,,29,6,41,4,Exotic,,
Photinia fraseri Red Robin,Shrub,4,124,,108,,41,3,280,5,Exotic,,
Photinia glabra Rubens,Shrub,3,32,,21,,25,,81,4,Exotic,,
Photinia robusta,Shrub,,60,,8,2,70,3,143,5,Exotic,,Variety
Phyllanthus multiflorus,Shrub,,,4,48,,,,52,2,Native,,
Pistacia chinensis,Tree,4,64,,4,7,75,1,155,6,Exotic,,
Pittosporum tenuifolium Golf Ball,Shrub,2,15,,2,,35,3,57,5,Exotic,,
Pittosporum tenuifolium Silver Sheen,Shrub,3,30,,1,,72,2,108,5,Exotic,,
Pittosporum tobira Miss Muffett,Shrub,1,33,,34,,10,6,84,5,Exotic,,
Platanus orientalis,Tree,3,13,,,4,31,,51,4,Exotic,,
Platanus orientalis Digitata,Tree,2,18,,,,33,7,60,4,Exotic,,
Platanus x acerifolia Bloodgood,Tree,3,11,,1,,15,,30,4,Exotic,,
Platanus x hybrida,Tree,,22,,1,,5,,28,3,Exotic,,
Platycerium bifurcatum ,Fern,,16,,12,,2,1,31,4,Native,,
Platycerium superbum ,Fern,,10,1,9,,10,,30,4,Native,,
Plumbago auriculata Alba,Shrub,,4,1,10,,14,5,34,5,Exotic,,
Plumbago auriculata Blue ,Shrub,,6,,16,1,14,4,41,5,Exotic,,
Plumbago auriculata Royal Cape,Shrub,,7,,7,1,11,2,28,5,Exotic,,
Plumeria obtusa,Tree,,7,12,109,,,3,131,4,Exotic,,
Plumeria pudica,Tree,,2,7,38,,,,47,3,Exotic,,
Plumeria rubra,Tree,,16,1,45,,,3,65,4,Exotic,,
Plumeria rubra Acutifolia,Tree,,36,,59,,26,3,124,4,Exotic,,
Poa labillardierei,Grass,3,34,,43,,34,,114,4,Native,,
Poa labillardierei Eskdale  ,Grass,,16,,8,,7,,31,3,Native,,
Poa poiformis,Grass,3,6,,1,,16,,26,4,Native,,
Poa sieberiana,Grass,5,14,,,,18,,37,3,Native,,
Podocarpus elatus,Tree,,48,,42,,1,,91,3,Native,,
Pogonatherum paniceum,Grass,,12,2,39,,8,1,62,5,Exotic,,
Polyalthia longifolia Pendula,Tree,,,9,18,,,,27,2,Exotic,,
Polygala dalmaisiana,Shrub,,7,,18,,11,6,42,4,Exotic,,Variety
Pongamia pinnata,Tree,,5,,20,,,,25,2,Native,,
Portulacaria afra,Herb,,19,2,17,,18,2,58,5,Exotic,,
Pratia pedunculata,Herb,,16,,9,,17,,42,3,Native,,
Prostanthera ovalifolia,Shrub,4,20,,5,,14,,43,4,Native,,
Prumnopitys ladei,Tree,,10,,15,,,,25,2,Native,,
Prunus cerasifera Nigra,Tree,6,53,,1,3,41,6,110,6,Exotic,,
Prunus cerasifera Nigra Fastigata,Tree,,16,,,,12,4,32,3,Exotic,,
Prunus cerasifera Oakville Crimson Spire,Tree,4,22,,4,6,28,3,67,6,Exotic,,
Prunus spp. Shirotae Mount Fuji,Tree,3,31,,,,52,,86,3,Exotic ,,
Prunus subhirtella Snofozam Snow Fountain,Tree,1,21,,,,26,,48,3,Exotic ,,
Ptychosperma elegans,Palm,,9,1,79,,,,89,3,Native,,
Ptychosperma macarthurii,Palm,,8,4,62,,1,,75,4,Native,,
Ptychosperma microcarpum,Palm,,,2,31,,,,33,2,Exotic,,
Pultenaea villosa,Shrub,,11,,38,,,,49,2,Native,,
Pyrostegia venusta ,Climber,,22,3,28,,2,3,58,5,Exotic,,
Pyrus calleryana Aristocrat,Tree,6,27,,,,66,6,105,4,Exotic,,
Pyrus calleryana Bradford,Tree,7,67,,1,7,65,7,154,6,Exotic,,
Pyrus calleryana Capital,Tree,6,79,,6,7,134,6,238,6,Exotic,,
Pyrus calleryana Chanticleer,Tree,3,57,,4,,70,5,139,5,Exotic,,
Pyrus calleryana Cleveland Select,Tree,4,52,,1,7,96,4,164,6,Exotic,,
Pyrus calleryana Red Spire,Tree,5,12,,,,30,2,49,4,Exotic,,
Pyrus nivalis,Tree,,49,,4,,39,7,99,4,Exotic,,
Pyrus ussuriensis,Tree,1,83,,4,7,107,10,212,6,Exotic,,
Quercus palustris,Tree,6,67,,3,,100,1,177,5,Exotic,,
Quercus robur Fastigiata,Tree,7,11,,,,43,,61,3,Exotic,,
Quercus rubra,Tree,8,21,,,2,52,,83,4,Exotic,,
Radermachera sinica,Tree,,6,,9,2,10,2,29,5,Exotic,,
Radermachera sinica Summerscent ,Tree,,4,11,37,,,3,55,4,Exotic,,
Randia fitzalanii,Tree,,14,3,126,,,4,147,4,Native,,
Ravenala madagascariensis,Palm,,7,6,14,,2,1,30,5,Exotic,,
Ravenea rivularis,Palm,,33,3,73,,37,4,150,5,Exotic,,
Rhaphiolepis indica,Shrub,,51,,44,,15,4,114,4,Exotic,,Variety
Rhaphiolepis indica Cosmic White,Shrub,,12,,13,,22,3,50,4,Exotic,,
Rhaphiolepis indica Oriental Pearl,Shrub,,36,,4,,19,2,61,4,Exotic,,
Rhaphiolepis indica Snow Maiden,Shrub,,70,,46,1,20,6,143,5,Exotic,,
Rhaphiolepis indica Springtime,Shrub,,25,,15,,3,4,47,4,Exotic,,
Rhaphiolepis intermedia,Shrub,,18,,47,,4,,69,3,Exotic,,Variety
Rhodosphaera rhodanthema,Tree,,6,,38,,,,44,2,Native,,
Robinia pseudoacacia Frisia,Tree,,62,,2,4,70,2,140,5,Exotic,,
Robinia pseudoacacia Umbraculifera ,Tree,,24,,,3,30,2,59,4,Exotic,,
Roystonea regia,Palm,,3,9,56,,9,,77,4,Exotic,,
Russelia equisetiformis,Shrub,,13,2,21,1,,7,44,5,Exotic,,
Russelia equisetiformis Lemon Falls,Shrub,,7,,22,,,2,31,3,Exotic,,
Salvia leucantha,Herb,,16,,3,1,10,,30,4,Exotic,,
Salvia microphylla Hot Lips,Herb,1,8,,2,1,15,2,29,6,Exotic,,
Salvia officinalis,Herb,,3,1,5,,17,,26,4,Exotic,,
Salvia spp. African Sky,Herb,,9,,1,,15,2,27,4,Exotic,,
Sansevieria trifasciata,Herb,,22,,21,,10,4,57,4,Exotic,,
Sansevieria trifasciata Laurentii,Herb,,13,,11,,13,,37,3,Exotic,,
Sapium sebiferum,Tree,1,58,,5,3,24,13,104,6,Exotic ,,
Scaevola aemula,Herb,,11,,24,,5,4,44,4,Native,,
Scaevola aemula Mauve Clusters,Herb,,12,,26,1,11,8,58,5,Native,,
Scaevola aemula Purple Fanfare,Herb,,4,,13,,7,8,32,4,Native,,
Schefflera actinophylla Amate,Tree,,5,,7,,11,3,26,4,Exotic,,
Schefflera arboricola Madame De Smet ,Shrub,,5,,21,,,1,27,3,Exotic,,
Schinus areira,Tree,,28,,3,1,49,3,84,5,Exotic,,
Sedum spp. Autumn Joy,Herb,,13,,,,18,4,35,3,Exotic,,
Sedum spp. Gold Mound,Herb,,11,,,7,10,2,30,4,Exotic,,
Serissa foetida Snow Leaves,Shrub,,,2,17,,3,3,25,4,Exotic,,
Solanum jasminoides,Climber,1,12,,2,,16,,31,4,Exotic,,
Soleirolia soleirolii,Herb,,12,,3,,13,1,29,4,Exotic,,
Solenostemon scutellarioides ,Herb,,5,2,21,,1,,29,4,Native,,
Spathiphyllum spp. Assorted,Herb,,13,1,17,,21,,52,4,Exotic,,
Spathiphyllum spp. Sensation ,Herb,,12,1,39,,9,1,62,5,Exotic,,
Stenocarpus sinuatus,Tree,,29,3,74,,15,,121,4,Native ,,
Stephanotis floribunda,Climber,,15,2,17,1,5,4,44,6,Exotic,,
Sterculia quadrifida,Tree,,4,3,25,,,,32,3,Native ,,
Strelitzia nicolai,Shrub,,91,4,200,,49,12,356,5,Exotic,,
Strelitzia reginae,Herb,,88,5,184,,61,14,352,5,Exotic,,
Strobilanthes anisophyllus,Shrub,,22,2,14,2,24,,64,5,Exotic,,
Syncarpia glomulifera,Tree,,37,,7,,,,44,2,Native,,
Syzygium australe,Tree,,18,,39,,83,,140,3,Native ,,
Syzygium australe Aussie Boomer,Tree,,6,,63,,6,1,76,4,Native,,
Syzygium australe Aussie Compact,Tree,,16,1,51,,6,,74,4,Native,,
Syzygium australe Aussie Gem,Tree,,4,,41,,,,45,2,Native ,,
Syzygium australe Aussie Southern,Tree,,40,,106,,14,3,163,4,Native ,,
Syzygium australe Baby Boomer,Tree,,10,,75,,3,,88,3,Native,,
Syzygium australe Big Red ,Tree,,14,4,42,,45,3,108,5,Native,,
Syzygium australe Bush Christmas,Tree,,30,,67,,55,21,173,4,Native,,
Syzygium australe Elegance,Tree,,6,,30,,1,,37,3,Native,,
Syzygium australe Elite,Tree,,19,,116,,17,5,157,4,Native,,
Syzygium australe Hinterland Gold,Tree,,56,,180,,65,,301,3,Native ,,
Syzygium australe Orange Twist,Tree,,13,,4,,16,4,37,4,Native,,
Syzygium australe Pinnacle,Tree,,11,6,23,,38,3,81,5,Native ,,
Syzygium australe Resilience,Tree,,145,,231,,59,4,439,4,Native,,
Syzygium australe Select,Tree,,90,2,90,1,42,,225,5,Native ,,
Syzygium australe Southern Form,Tree,,9,,30,,,,39,2,Native ,,
Syzygium australe Tiny Trev,Tree,,32,,56,,8,10,106,4,Native,,
Syzygium australe Winter Lights,Tree,,20,4,16,,17,1,58,5,Native,,
Syzygium floribunda,Tree,,128,,265,1,108,1,503,5,Native,,
Syzygium floribundum,Tree,,,,,,,,,,Native,,
Syzygium floribunda Green Avenue,Tree,,36,,10,,9,,55,3,Native,,
Syzygium floribunda Sweeper,Tree,,35,,21,,7,,63,3,Native,,
Syzygium francisii,Tree,,11,5,54,,,,70,3,Native ,,
Syzygium francisii Little Gem ,Tree,,6,,22,,,,28,2,Native ,,
Syzygium hemilampra,Tree,,23,2,155,,1,2,183,5,Native,,
Syzygium hemilamprum,Tree,,,,,,,,,,Native,,
Syzygium jambos,Tree,,3,,38,,,,41,2,Exotic,,
Syzygium luehmannii,Tree,,84,1,153,,1,3,242,5,Native ,,
Syzygium moorei,Tree,,6,,33,,,,39,2,Native,,
Syzygium oleosum,Tree,,8,,32,,,,40,2,Native,,
Syzygium paniculatum Elite,Tree,,4,,28,,,1,33,3,Native,,
Syzygium smithii,Tree,,80,,87,,50,12,229,4,Native,,
Syzygium smithii Firescreen,Tree,,71,,65,,27,,163,3,Native,,
Syzygium smithii Forest Flame,Tree,,8,,38,,17,,63,3,Native,,
Syzygium smithii Minor,Tree,,107,,57,,74,,238,3,Native,,
Syzygium smithii Minor Allyn Magic,Tree,,66,,130,,39,4,239,2,Native,,
Syzygium smithii Minor Cherry Surprise ,Tree,,65,,39,,32,1,137,4,Native,,
Syzygium smithii Minor Hot Flush ,Tree,,17,,11,,3,,31,3,Native,,
Syzygium smithii Red Head,Tree,,18,,7,,2,2,29,4,Native,,
Syzygium smithii Red Tip Form,Tree,,23,,,,6,,29,2,Native,,
Syzygium smithii Sublime,Tree,,42,,11,,29,1,83,4,Native,,
Syzygium spp. Cascade ,Tree,,108,2,151,,3,,264,4,Native,,
Syzygium tierneyanum,Tree,,12,,92,,,,104,2,Native ,,
Syzygium wilsonii,Tree,,11,,24,,,,35,2,Native ,,
Tabebuia argentea,Tree,,1,3,29,,,,33,3,Exotic,,
Tabebuia pallida,Tree,,2,,27,,,,29,2,Exotic,,
Tabebuia palmeri,Tree,,6,4,54,,,,64,3,Exotic,,
Taxodium distichum,Tree,,11,,2,,20,,33,3,Exotic,,
Teucrium fruticans,Shrub,2,28,,2,,25,2,59,5,Exotic,,
Themeda australis ,Grass,2,21,2,36,,15,,76,5,Native,,
Thuja occidentalis ,Shrub,2,33,,8,,70,7,120,5,Exotic,,
Thuja orientalis Aurea Nana,Shrub,,26,1,6,2,22,6,63,6,Exotic,,
Thuja orientalis Morganii,Shrub,,21,,8,,5,3,37,4,Exotic,,
Tibouchina granulosa Jules,Shrub,,30,2,47,,5,,84,4,Exotic,,
Tibouchina lepidota Alstonville,Shrub,,38,1,52,,2,,93,4,Exotic,,
Tibouchina spp. Chameleon,Shrub,,6,,19,,,,25,2,Exotic,,
Tibouchina spp. Jazzie,Shrub,,12,3,57,,4,,76,4,Exotic,,
Tipuana tipu,Tree,,,4,12,,,9,25,3,Exotic ,,
Toona ciliata Australis,Tree,,15,,18,,2,,35,3,Native ,,
Trachelospermum asiaticum,Climber,5,37,,18,,17,4,81,5,Exotic,,
Trachelospermum jasminoides,Climber,4,151,3,115,2,66,15,356,7,Exotic,,
Trachelospermum jasminoidies Tricolour,Climber,3,82,,118,2,7,1,213,6,Exotic,,
Trachycarpus fortunei,Palm,,16,1,21,,51,1,90,5,Exotic,,
Tradescantia spathacea,Herb,,17,2,38,1,10,7,75,6,Exotic,,
Tradescantia spathacea Dwarf,Herb,,14,3,44,,4,,65,4,Exotic,,
Tristaniopsis laurina,Tree,4,122,2,85,3,71,,287,6,Native,,
Tristaniopsis laurina Luscious,Tree,,96,,50,,51,1,198,4,Native,,
Tulbaghia violacea,Herb,,20,,41,,16,9,86,4,Exotic,,
Tulbaghia violacea Variegated,Herb,,18,,22,,12,5,57,4,Exotic,,
Ulmus glabra Lutescens,Tree,1,43,,,3,36,,83,4,Exotic,,
Ulmus glabra Pendula,Tree,,2,,,4,25,,31,3,Exotic,,
Ulmus parvifolia,Tree,3,62,,7,7,73,10,162,6,Exotic,,
Ulmus parvifolia Murrays Form,Tree,,14,,,,32,3,49,3,Exotic,,
Ulmus parvifolia Todd  ,Tree,5,33,,,6,58,1,103,5,Exotic,,
Ulmus procera,Tree,,2,,,,33,,35,2,Exotic,,
Veitchia Merrillii,Palm,,,7,33,,,,40,2,Exotic,,
Viburnum odoratissimum,Shrub,2,149,,86,2,45,13,297,6,Exotic,,
Viburnum odoratissimum Dense Fence,Shrub,,24,,11,,16,1,52,4,Exotic,,
Viburnum odoratissimum Emerald Jewel,Shrub,3,10,,9,1,1,8,32,6,Exotic,,
Viburnum odoratissimum Emerald Lustre,Shrub,,77,,109,2,27,6,221,5,Exotic,,
Viburnum opulus Sterile,Shrub,1,9,,,2,15,2,29,5,Exotic,,
Viburnum suspensum,Shrub,,6,,10,2,3,8,29,5,Exotic,,
Viburnum tinus,Shrub,3,59,,51,2,60,28,203,6,Exotic,,
Viola hederacea ,Herb,3,48,,66,1,28,8,154,6,Native,,
Washingtonia robusta,Palm,,20,2,66,,82,,170,4,Exotic,,
Westringia brevifolia Lilac and Lace,Shrub,,4,,2,,12,7,25,4,Native,,
Westringia fruticosa,Shrub,6,63,1,70,1,59,13,213,7,Native,,
Westringia fruticosa Grey Box,Shrub,2,15,,11,,14,5,47,5,Native,,
Westringia fruticosa Jervis Gem,Shrub,,38,,38,1,36,13,126,5,Native,,
Westringia fruticosa Mundi,Shrub,1,16,,21,,18,4,60,5,Native,,
Westringia fruticosa Smokey,Shrub,2,30,2,25,1,28,11,99,7,Native,,
Westringia fruticosa Zena,Shrub,1,36,,73,1,21,3,135,6,Native,,
Westringia glabra,Shrub,3,7,,,,22,,32,3,Native,,
Westringia longifolia,Shrub,4,8,1,2,,11,,26,5,Native,,
Westringia spp. Aussie Box,Shrub,1,19,,15,,24,4,63,5,Native,,
Westringia spp. Blue Gem,Shrub,2,11,,8,,21,3,45,5,Native,,
Westringia spp. Naringa,Shrub,2,15,,13,,19,2,51,5,Native,,
Westringia spp. Sea Mist,Shrub,,19,,14,,9,,42,3,Native,,
Westringia spp. White Rambler,Shrub,,2,,14,,5,5,26,4,Native,,
Westringia spp. Wynyabbie Gem,Shrub,6,35,,72,1,65,8,187,6,Native,,
Wisteria sinensis,Climber,,15,,6,1,23,1,46,5,Exotic,,
Wodyetia bifurcata,Palm,,18,8,222,,5,1,254,5,Native,,
Xanthorrhoea australis,Cycad,2,13,,6,,68,,89,4,Native,,
Xanthorrhoea glauca,Cycad,,45,2,44,,47,,138,4,Native,,
Xanthorrhoea johnsonii,Cycad,2,61,5,69,,61,,198,5,Native,,
Xanthostemon chrysanthus,Tree,,23,2,164,,,,189,3,Native ,,
Xanthostemon chrysanthus Fairhill Gold,Tree,,8,3,39,,,,50,3,Native,,
Xanthostemon chrysanthus Little Goldie,Tree,,4,4,22,,,,30,3,Native,,
Yucca desmetiana,Herb,,8,,,15,11,2,36,4,Exotic,,Variety
Yucca elephantipes,Shrub,,110,7,,169,83,17,386,5,Exotic,,
Yucca elephantipes Silver Star,Shrub,,29,8,,69,28,8,142,5,Exotic,,
Yucca elephantipes Variegated,Shrub,,5,,,8,12,1,26,4,Exotic,,
Yucca gloriosa Bright Edge,Shrub,1,6,2,,10,3,6,28,6,Exotic,,
Zamia furfuracea,Cycad,,28,8,111,,19,6,172,5,Exotic,,
Zamioculcas zamiifolia,Herb,,20,5,53,,19,3,100,5,Exotic,,
Zantedeschia aethiopica,Herb,,14,,5,,8,,27,3,Exotic,,
Zelkova serrata,Tree,4,17,,,5,37,1,64,5,Exotic,,
Zelkova serrata Green Vase,Tree,8,23,,,6,54,,91,4,Exotic,,
Zephyranthes candida,Herb,1,24,2,45,,2,,74,5,Exotic,,
Zoysia tenuifolia,Grass,,21,,83,,8,,112,3,Exotic,,
